{"model_stats": {"DecisionTree": {"classification_report": {"0": {"precision": 0.9999939973228059, "recall": 0.9999899955780455, "f1-score": 0.9999919964464221, "support": 999558}, "10": {"precision": 0.999996000167993, "recall": 0.9999990000389984, "f1-score": 0.9999975001012459, "support": 1000039}, "12": {"precision": 0.9999990001439792, "recall": 1.0, "f1-score": 0.9999995000717397, "support": 1000143}, "14": {"precision": 0.9999940015595945, "recall": 0.9999940015595945, "f1-score": 0.9999940015595945, "support": 1000260}, "accuracy": 0.99999575, "macro avg": {"precision": 0.9999957497985932, "recall": 0.9999957492941596, "f1-score": 0.9999957495447505, "support": 4000000}, "weighted avg": {"precision": 0.9999957499972472, "recall": 0.99999575, "f1-score": 0.9999957499969981, "support": 4000000}}, "accuracy": 0.99999575, "precision_score_micro": 0.99999575, "recall_score_micro": 0.99999575, "f1_score_micro": 0.99999575, "balanced_accuracy": 0.9999957492941596, "adv_stats": {"Runtime (sec)": 0.9315080642700195, "Runtime (min)": "0.02", "CPU": 98.3, "Process Memory": 7.813938965497281}}, "GaussianNB": {"classification_report": {"0": {"precision": 0.6319301848049281, "recall": 0.018473165138991433, "f1-score": 0.03589695736106332, "support": 999558}, "10": {"precision": 0.9931545277387699, "recall": 0.2991473332540031, "f1-score": 0.45979896408096776, "support": 1000039}, "12": {"precision": 1.0, "recall": 0.9997450364597863, "f1-score": 0.9998725019762195, "support": 1000143}, "14": {"precision": 0.3713457575858598, "recall": 0.9911133105392598, "f1-score": 0.5402668333546325, "support": 1000260}, "accuracy": 0.57722075, "macro avg": {"precision": 0.7491076175323894, "recall": 0.5771197113480102, "f1-score": 0.5089588141932208, "support": 4000000}, "weighted avg": {"precision": 0.7491073599778569, "recall": 0.57722075, "f1-score": 0.5090301934054459, "support": 4000000}}, "accuracy": 0.57722075, "precision_score_micro": 0.57722075, "recall_score_micro": 0.57722075, "f1_score_micro": 0.57722075, "balanced_accuracy": 0.5771197113480102, "adv_stats": {"Runtime (sec)": 3.4181413650512695, "Runtime (min)": "0.06", "CPU": 100.0, "Process Memory": 6.028658950137152}}, "LogisticRegression": {"classification_report": {"0": {"precision": 0.6540701499150839, "recall": 0.8653784972958047, "f1-score": 0.7450310933489519, "support": 999558}, "10": {"precision": 0.996586703522546, "recall": 0.997921081077838, "f1-score": 0.9972534459335561, "support": 1000039}, "12": {"precision": 0.7793882909109623, "recall": 0.8782754066168538, "f1-score": 0.8258823175449961, "support": 1000143}, "14": {"precision": 0.5412046235574147, "recall": 0.2970987543238758, "f1-score": 0.383611049974796, "support": 1000260}, "accuracy": 0.75963325, "macro avg": {"precision": 0.7428124419765018, "recall": 0.7596684348285931, "f1-score": 0.7379444767005751, "support": 4000000}, "weighted avg": {"precision": 0.7428129253772268, "recall": 0.75963325, "f1-score": 0.7379263339969584, "support": 4000000}}, "accuracy": 0.75963325, "precision_score_micro": 0.75963325, "recall_score_micro": 0.75963325, "f1_score_micro": 0.75963325, "balanced_accuracy": 0.7596684348285931, "adv_stats": {"Runtime (sec)": 0.8886260986328125, "Runtime (min)": "0.01", "CPU": 214.2, "Process Memory": 9.854211142120892}}, "RandomForest": {"classification_report": {"0": {"precision": 0.9999959981511458, "recall": 0.9999759893873091, "f1-score": 0.9999859936691384, "support": 999558}, "10": {"precision": 0.9999990000399984, "recall": 1.0, "f1-score": 0.9999995000197491, "support": 1000039}, "12": {"precision": 1.0, "recall": 0.9999990001429796, "f1-score": 0.9999995000712398, "support": 1000143}, "14": {"precision": 0.9999770064381973, "recall": 0.9999970007797973, "f1-score": 0.9999870035090526, "support": 1000260}, "accuracy": 0.999993, "macro avg": {"precision": 0.9999930011573354, "recall": 0.9999929975775215, "f1-score": 0.999992999317295, "support": 4000000}, "weighted avg": {"precision": 0.9999930000952085, "recall": 0.999993, "f1-score": 0.9999929999974754, "support": 4000000}}, "accuracy": 0.999993, "precision_score_micro": 0.999993, "recall_score_micro": 0.999993, "f1_score_micro": 0.999993, "balanced_accuracy": 0.9999929975775215, "adv_stats": {"Runtime (sec)": 36.754891872406006, "Runtime (min)": "0.61", "CPU": 99.6, "Process Memory": 17.007817686505078}}, "SVC_linear": {"classification_report": {"0": {"precision": 0.5958161902408806, "recall": 0.8323268884847103, "f1-score": 0.694487608586861, "support": 999558}, "10": {"precision": 0.9906923330521279, "recall": 0.994627209538828, "f1-score": 0.9926558718594846, "support": 1000039}, "12": {"precision": 0.7647826359359635, "recall": 0.842141573754953, "f1-score": 0.8016000365461595, "support": 1000143}, "14": {"precision": 0.3679238278702505, "recall": 0.18330534061144102, "f1-score": 0.24469823602617097, "support": 1000260}, "accuracy": 0.71306, "macro avg": {"precision": 0.6798037467748056, "recall": 0.7131002530974831, "f1-score": 0.6833604382546691, "support": 4000000}, "weighted avg": {"precision": 0.6797988243640776, "recall": 0.71306, "f1-score": 0.683337938355319, "support": 4000000}}, "accuracy": 0.71306, "precision_score_micro": 0.71306, "recall_score_micro": 0.71306, "f1_score_micro": 0.71306, "balanced_accuracy": 0.7131002530974831, "adv_stats": {"Runtime (sec)": 0.9070022106170654, "Runtime (min)": "0.02", "CPU": 212.1, "Process Memory": 16.987868018353694}}}}