{"model_stats": {"DecisionTree": {"classification_report": {"0": {"precision": 0.9999929947741015, "recall": 0.9999939955146494, "f1-score": 0.9999934951441252, "support": 999253}, "10": {"precision": 0.9999970046966357, "recall": 0.9999980031290967, "f1-score": 0.999997503912617, "support": 1001567}, "12": {"precision": 1.0, "recall": 1.0, "f1-score": 1.0, "support": 998275}, "14": {"precision": 0.9999950045109266, "recall": 0.999993006329272, "f1-score": 0.9999940054191011, "support": 1000905}, "accuracy": 0.99999625, "macro avg": {"precision": 0.9999962509954159, "recall": 0.9999962512432545, "f1-score": 0.9999962511189608, "support": 4000000}, "weighted avg": {"precision": 0.9999962500000024, "recall": 0.99999625, "f1-score": 0.9999962499996266, "support": 4000000}}, "accuracy": 0.99999625, "precision_score_micro": 0.99999625, "recall_score_micro": 0.99999625, "f1_score_micro": 0.99999625, "balanced_accuracy": 0.9999962512432545, "adv_stats": {"Runtime (sec)": 0.8795695304870605, "Runtime (min)": "0.01", "CPU": 100.0, "Process Memory": 8.964306040985964}}, "GaussianNB": {"classification_report": {"0": {"precision": 0.628688855949333, "recall": 0.018675950935348705, "f1-score": 0.03627432972086726, "support": 999253}, "10": {"precision": 0.9938054123924897, "recall": 0.29937687643462696, "f1-score": 0.460139862286136, "support": 1001567}, "12": {"precision": 1.0, "recall": 0.9997535749167313, "f1-score": 0.9998767722751646, "support": 998275}, "14": {"precision": 0.3714623683615345, "recall": 0.9911200363670878, "f1-score": 0.540391237640873, "support": 1000905}, "accuracy": 0.5771385, "macro avg": {"precision": 0.7484891591758392, "recall": 0.5772316096634487, "f1-score": 0.5091705504807602, "support": 4000000}, "weighted avg": {"precision": 0.7484138681631374, "recall": 0.5771385, "f1-score": 0.509035102700208, "support": 4000000}}, "accuracy": 0.5771385, "precision_score_micro": 0.5771385, "recall_score_micro": 0.5771385, "f1_score_micro": 0.5771385, "balanced_accuracy": 0.5772316096634487, "adv_stats": {"Runtime (sec)": 3.1416702270507812, "Runtime (min)": "0.05", "CPU": 100.0, "Process Memory": 9.131669563966593}}, "LogisticRegression": {"classification_report": {"0": {"precision": 0.6567975799654617, "recall": 0.8921614445991155, "f1-score": 0.756597777550519, "support": 999253}, "10": {"precision": 0.9969944207751062, "recall": 0.9978923027615726, "f1-score": 0.9974431597037179, "support": 1001567}, "12": {"precision": 0.7926642033054532, "recall": 0.9448789161303248, "f1-score": 0.8621042953083928, "support": 998275}, "14": {"precision": 0.6479025902776853, "recall": 0.29143625019357483, "f1-score": 0.40203235140687205, "support": 1000905}, "accuracy": 0.781475, "macro avg": {"precision": 0.7735896985809266, "recall": 0.7815922284211468, "f1-score": 0.7545443959923755, "support": 4000000}, "weighted avg": {"precision": 0.7736623657205814, "recall": 0.781475, "f1-score": 0.7545130270573858, "support": 4000000}}, "accuracy": 0.781475, "precision_score_micro": 0.781475, "recall_score_micro": 0.781475, "f1_score_micro": 0.7814750000000001, "balanced_accuracy": 0.7815922284211468, "adv_stats": {"Runtime (sec)": 0.8167357444763184, "Runtime (min)": "0.01", "CPU": 213.6, "Process Memory": 9.541060355958852}}, "RandomForest": {"classification_report": {"0": {"precision": 0.9999869902947599, "recall": 0.9999879910292989, "f1-score": 0.999987490661779, "support": 999253}, "10": {"precision": 0.9999960062701558, "recall": 0.9999990015645484, "f1-score": 0.9999975039151091, "support": 1001567}, "12": {"precision": 1.0, "recall": 1.0, "f1-score": 1.0, "support": 998275}, "14": {"precision": 0.9999900090018893, "recall": 0.999986012658544, "f1-score": 0.999988010826224, "support": 1000905}, "accuracy": 0.99999325, "macro avg": {"precision": 0.9999932513917013, "recall": 0.9999932513130978, "f1-score": 0.999993251350778, "support": 4000000}, "weighted avg": {"precision": 0.9999932499962568, "recall": 0.99999325, "f1-score": 0.9999932499965051, "support": 4000000}}, "accuracy": 0.99999325, "precision_score_micro": 0.99999325, "recall_score_micro": 0.99999325, "f1_score_micro": 0.99999325, "balanced_accuracy": 0.9999932513130978, "adv_stats": {"Runtime (sec)": 33.20844793319702, "Runtime (min)": "0.55", "CPU": 100.0, "Process Memory": 6.315242072717895}}, "SVC_linear": {"classification_report": {"0": {"precision": 0.5908064495539881, "recall": 0.880021375967848, "f1-score": 0.7069791523460144, "support": 999253}, "10": {"precision": 0.9905585706700183, "recall": 0.9946204297865245, "f1-score": 0.9925853447592989, "support": 1001567}, "12": {"precision": 0.7482756122651032, "recall": 0.7760246425083268, "f1-score": 0.7618975496294693, "support": 998275}, "14": {"precision": 0.29289572434543515, "recall": 0.1377173657839655, "f1-score": 0.18734603536607994, "support": 1000905}, "accuracy": 0.69701775, "macro avg": {"precision": 0.6556340892086362, "recall": 0.6970959535116662, "f1-score": 0.6622020205252157, "support": 4000000}, "weighted avg": {"precision": 0.6556553812240857, "recall": 0.69701775, "f1-score": 0.6621726561995482, "support": 4000000}}, "accuracy": 0.69701775, "precision_score_micro": 0.69701775, "recall_score_micro": 0.69701775, "f1_score_micro": 0.69701775, "balanced_accuracy": 0.6970959535116662, "adv_stats": {"Runtime (sec)": 0.8138210773468018, "Runtime (min)": "0.01", "CPU": 224.9, "Process Memory": 6.3146520345711314}}}}