{"model_stats": {"DecisionTree": {"classification_report": {"0": {"precision": 0.999241476618867, "recall": 0.9992984759615433, "f1-score": 0.9992699754773805, "support": 999253}, "10": {"precision": 0.9999970047026169, "recall": 1.0, "f1-score": 0.9999985023490654, "support": 1001567}, "12": {"precision": 1.0, "recall": 1.0, "f1-score": 1.0, "support": 998275}, "14": {"precision": 0.9993015901563179, "recall": 0.9992416862739221, "f1-score": 0.9992716373173472, "support": 1000905}, "accuracy": 0.999635, "macro avg": {"precision": 0.9996350178694505, "recall": 0.9996350405588664, "f1-score": 0.9996350287859482, "support": 4000000}, "weighted avg": {"precision": 0.999635000335057, "recall": 0.999635, "f1-score": 0.9996349997392662, "support": 4000000}}, "accuracy": 0.999635, "precision_score_micro": 0.999635, "recall_score_micro": 0.999635, "f1_score_micro": 0.999635, "balanced_accuracy": 0.9996350405588664, "adv_stats": {"Runtime (sec)": 0.8646152019500732, "Runtime (min)": "0.01", "CPU": 99.9, "Process Memory": 4.259788374047826}}, "GaussianNB": {"classification_report": {"0": {"precision": 0.6225521612191127, "recall": 0.017498071059081133, "f1-score": 0.034039396927401766, "support": 999253}, "10": {"precision": 0.9892091667683218, "recall": 0.29957057291224654, "f1-score": 0.4598737048617498, "support": 1001567}, "12": {"precision": 1.0, "recall": 0.9997535749167313, "f1-score": 0.9998767722751646, "support": 998275}, "14": {"precision": 0.3714623683615345, "recall": 0.9911200363670878, "f1-score": 0.540391237640873, "support": 1000905}, "accuracy": 0.57689275, "macro avg": {"precision": 0.7458059240872422, "recall": 0.5769855638137866, "f1-score": 0.5085452779262973, "support": 4000000}, "weighted avg": {"precision": 0.7457299785230579, "recall": 0.57689275, "f1-score": 0.5084101432522732, "support": 4000000}}, "accuracy": 0.57689275, "precision_score_micro": 0.57689275, "recall_score_micro": 0.57689275, "f1_score_micro": 0.57689275, "balanced_accuracy": 0.5769855638137866, "adv_stats": {"Runtime (sec)": 2.6300292015075684, "Runtime (min)": "0.04", "CPU": 100.0, "Process Memory": 4.432605763141784}}, "LogisticRegression": {"classification_report": {"0": {"precision": 0.642519793490141, "recall": 0.8683356467281059, "f1-score": 0.7385522473748741, "support": 999253}, "10": {"precision": 0.9957561485976341, "recall": 0.996809998731987, "f1-score": 0.9962827949789292, "support": 1001567}, "12": {"precision": 0.7833849277360768, "recall": 0.905994841100899, "f1-score": 0.8402405619118977, "support": 998275}, "14": {"precision": 0.5520286914792724, "recall": 0.27157922080517133, "f1-score": 0.3640555649306644, "support": 1000905}, "accuracy": 0.760579, "macro avg": {"precision": 0.7434223903257811, "recall": 0.7606799268415408, "f1-score": 0.7347827922990914, "support": 4000000}, "weighted avg": {"precision": 0.7434795489669209, "recall": 0.760579, "f1-score": 0.734755175281068, "support": 4000000}}, "accuracy": 0.760579, "precision_score_micro": 0.760579, "recall_score_micro": 0.760579, "f1_score_micro": 0.760579, "balanced_accuracy": 0.7606799268415408, "adv_stats": {"Runtime (sec)": 0.7164783477783203, "Runtime (min)": "0.01", "CPU": 219.5, "Process Memory": 7.248028594843289}}, "RandomForest": {"classification_report": {"0": {"precision": 0.9992020079799202, "recall": 0.9999589693501045, "f1-score": 0.9995803453572641, "support": 999253}, "10": {"precision": 0.9999970047026169, "recall": 1.0, "f1-score": 0.9999985023490654, "support": 1001567}, "12": {"precision": 0.9999989982730227, "recall": 1.0, "f1-score": 0.9999994991362605, "support": 998275}, "14": {"precision": 0.9999600057591707, "recall": 0.9991997242495542, "f1-score": 0.999579720436631, "support": 1000905}, "accuracy": 0.9997895, "macro avg": {"precision": 0.9997895041786826, "recall": 0.9997896733999146, "f1-score": 0.9997895168198053, "support": 4000000}, "weighted avg": {"precision": 0.9997896434135823, "recall": 0.9997895, "f1-score": 0.9997894997313512, "support": 4000000}}, "accuracy": 0.9997895, "precision_score_micro": 0.9997895, "recall_score_micro": 0.9997895, "f1_score_micro": 0.9997895, "balanced_accuracy": 0.9997896733999146, "adv_stats": {"Runtime (sec)": 48.03548502922058, "Runtime (min)": "0.80", "CPU": 100.0, "Process Memory": 11.144496993277233}}, "SVC_linear": {"classification_report": {"0": {"precision": 0.5869302311175185, "recall": 0.8344022985169922, "f1-score": 0.6891222478943759, "support": 999253}, "10": {"precision": 0.9892060862976876, "recall": 0.9946204297865245, "f1-score": 0.9919058695141331, "support": 1001567}, "12": {"precision": 0.7796992392393666, "recall": 0.8596268563271644, "f1-score": 0.8177145568787985, "support": 998275}, "14": {"precision": 0.3764959746993213, "recall": 0.1774574010520479, "f1-score": 0.24121884657197706, "support": 1000905}, "accuracy": 0.71643, "macro avg": {"precision": 0.6830828828384734, "recall": 0.7165267464206823, "f1-score": 0.6849903802148212, "support": 4000000}, "weighted avg": {"precision": 0.6831097320194731, "recall": 0.71643, "f1-score": 0.6849522021207919, "support": 4000000}}, "accuracy": 0.71643, "precision_score_micro": 0.71643, "recall_score_micro": 0.71643, "f1_score_micro": 0.71643, "balanced_accuracy": 0.7165267464206823, "adv_stats": {"Runtime (sec)": 0.7110979557037354, "Runtime (min)": "0.01", "CPU": 222.3, "Process Memory": 5.310423055756532}}}}