{"model_stats": {"DecisionTree": {"classification_report": {"0": {"precision": 0.9999969983430854, "recall": 0.9999859924219002, "f1-score": 0.9999914953522099, "support": 999459}, "10": {"precision": 0.999990993497305, "recall": 0.9999959970898843, "f1-score": 0.9999934952873356, "support": 999273}, "12": {"precision": 1.0, "recall": 1.0, "f1-score": 1.0, "support": 1000609}, "14": {"precision": 0.9999910059810226, "recall": 0.999997001975698, "f1-score": 0.9999940039693722, "support": 1000659}, "accuracy": 0.99999475, "macro avg": {"precision": 0.9999947494553532, "recall": 0.9999947478718706, "f1-score": 0.9999947486522294, "support": 4000000}, "weighted avg": {"precision": 0.9999947500164945, "recall": 0.99999475, "f1-score": 0.9999947499968685, "support": 4000000}}, "accuracy": 0.99999475, "precision_score_micro": 0.99999475, "recall_score_micro": 0.99999475, "f1_score_micro": 0.99999475, "balanced_accuracy": 0.9999947478718706, "adv_stats": {"Runtime (sec)": 0.9206113815307617, "Runtime (min)": "0.02", "CPU": 100.0, "Process Memory": 12.944256863698477}}, "GaussianNB": {"classification_report": {"0": {"precision": 0.6313271814357443, "recall": 0.01861907291844888, "f1-score": 0.036171381088212565, "support": 999459}, "10": {"precision": 0.9931312190089521, "recall": 0.29864311354354617, "f1-score": 0.45920063888570456, "support": 999273}, "12": {"precision": 1.0, "recall": 0.999733162504035, "f1-score": 0.9998665634490799, "support": 1000609}, "14": {"precision": 0.3714724395173675, "recall": 0.9910638888972167, "f1-score": 0.5403935481919848, "support": 1000659}, "accuracy": 0.5772735, "macro avg": {"precision": 0.748982709990516, "recall": 0.5770148094658116, "f1-score": 0.5089080329037454, "support": 4000000}, "weighted avg": {"precision": 0.7489302714745825, "recall": 0.5772735, "f1-score": 0.5090609405296855, "support": 4000000}}, "accuracy": 0.5772735, "precision_score_micro": 0.5772735, "recall_score_micro": 0.5772735, "f1_score_micro": 0.5772735, "balanced_accuracy": 0.5770148094658116, "adv_stats": {"Runtime (sec)": 3.349728584289551, "Runtime (min)": "0.06", "CPU": 100.0, "Process Memory": 13.10721902104379}}, "LogisticRegression": {"classification_report": {"0": {"precision": 0.6566556390667276, "recall": 0.8918945149325785, "f1-score": 0.75640761285078, "support": 999459}, "10": {"precision": 0.9976461125844444, "recall": 0.9979955427595862, "f1-score": 0.9978207970799882, "support": 999273}, "12": {"precision": 0.793188113297129, "recall": 0.9450014940900991, "f1-score": 0.862465117700256, "support": 1000609}, "14": {"precision": 0.6461113871929576, "recall": 0.291044201870967, "f1-score": 0.40131430724997946, "support": 1000659}, "accuracy": 0.78137375, "macro avg": {"precision": 0.7734003130353146, "recall": 0.7814839384133077, "f1-score": 0.7545019587202508, "support": 4000000}, "weighted avg": {"precision": 0.7733573879204583, "recall": 0.78137375, "f1-score": 0.7544157275070329, "support": 4000000}}, "accuracy": 0.78137375, "precision_score_micro": 0.78137375, "recall_score_micro": 0.78137375, "f1_score_micro": 0.78137375, "balanced_accuracy": 0.7814839384133077, "adv_stats": {"Runtime (sec)": 0.8219172954559326, "Runtime (min)": "0.01", "CPU": 215.1, "Process Memory": 13.707096452579032}}, "RandomForest": {"classification_report": {"0": {"precision": 0.999998999437684, "recall": 0.9999779880915576, "f1-score": 0.9999884936542502, "support": 999459}, "10": {"precision": 0.9999919942358498, "recall": 0.999998999272471, "f1-score": 0.9999954967418927, "support": 999273}, "12": {"precision": 1.0, "recall": 1.0, "f1-score": 1.0, "support": 1000609}, "14": {"precision": 0.9999830114333054, "recall": 0.999997001975698, "f1-score": 0.9999900066555674, "support": 1000659}, "accuracy": 0.9999935, "macro avg": {"precision": 0.9999935012767098, "recall": 0.9999934973349316, "f1-score": 0.9999934992629276, "support": 4000000}, "weighted avg": {"precision": 0.9999935000682171, "recall": 0.9999935, "f1-score": 0.9999934999912244, "support": 4000000}}, "accuracy": 0.9999935, "precision_score_micro": 0.9999935, "recall_score_micro": 0.9999935, "f1_score_micro": 0.9999935, "balanced_accuracy": 0.9999934973349316, "adv_stats": {"Runtime (sec)": 35.07432699203491, "Runtime (min)": "0.58", "CPU": 99.7, "Process Memory": 6.857120349123977}}, "SVC_linear": {"classification_report": {"0": {"precision": 0.5907907626959885, "recall": 0.8803462673306258, "f1-score": 0.7070727363900533, "support": 999459}, "10": {"precision": 0.990520132138177, "recall": 0.9947051506445186, "f1-score": 0.9926082302093902, "support": 999273}, "12": {"precision": 0.7497254872420377, "recall": 0.7758465094757293, "f1-score": 0.7625623747593415, "support": 1000609}, "14": {"precision": 0.2936583814722561, "recall": 0.138434771485591, "f1-score": 0.18816558723811178, "support": 1000659}, "accuracy": 0.69717425, "macro avg": {"precision": 0.6561736908871149, "recall": 0.6973331747341162, "f1-score": 0.6626022321492241, "support": 4000000}, "weighted avg": {"precision": 0.6560762853262242, "recall": 0.69717425, "f1-score": 0.6624732944178416, "support": 4000000}}, "accuracy": 0.69717425, "precision_score_micro": 0.69717425, "recall_score_micro": 0.69717425, "f1_score_micro": 0.69717425, "balanced_accuracy": 0.6973331747341162, "adv_stats": {"Runtime (sec)": 0.843745231628418, "Runtime (min)": "0.01", "CPU": 220.3, "Process Memory": 6.863323723153464}}}}