{"model_stats": {"DecisionTree": {"classification_report": {"0": {"precision": 0.9991648229424638, "recall": 0.9992697685166197, "f1-score": 0.9992172929739916, "support": 999683}, "1": {"precision": 0.9973502914679385, "recall": 0.9994689325544344, "f1-score": 0.9984084880636603, "support": 1883}, "2": {"precision": 0.9993212669683258, "recall": 0.998869289914066, "f1-score": 0.9990952273241347, "support": 4422}, "3": {"precision": 1.0, "recall": 0.8461538461538461, "f1-score": 0.9166666666666666, "support": 13}, "4": {"precision": 0.9997059688326962, "recall": 0.9998529627995882, "f1-score": 0.999779460413144, "support": 6801}, "5": {"precision": 0.9941520467836257, "recall": 1.0, "f1-score": 0.9970674486803519, "support": 170}, "6": {"precision": 1.0, "recall": 1.0, "f1-score": 1.0, "support": 2}, "7": {"precision": 1.0, "recall": 1.0, "f1-score": 1.0, "support": 1}, "8": {"precision": 0.9841269841269841, "recall": 1.0, "f1-score": 0.9919999999999999, "support": 186}, "9": {"precision": 0.5714285714285714, "recall": 0.8, "f1-score": 0.6666666666666666, "support": 5}, "10": {"precision": 0.999997997454765, "recall": 0.9999959949175504, "f1-score": 0.9999969961851553, "support": 998731}, "11": {"precision": 0.6666666666666666, "recall": 1.0, "f1-score": 0.8, "support": 2}, "12": {"precision": 1.0, "recall": 0.9999990002379434, "f1-score": 0.9999995001187219, "support": 1000238}, "13": {"precision": 0.5, "recall": 1.0, "f1-score": 0.6666666666666666, "support": 1}, "14": {"precision": 0.9992768200860225, "recall": 0.9991650403597118, "f1-score": 0.9992209270967548, "support": 1001246}, "15": {"precision": 0.5, "recall": 1.0, "f1-score": 0.6666666666666666, "support": 1}, "accuracy": 0.9996060681943048, "macro avg": {"precision": 0.8881994647973788, "recall": 0.97767342721586, "f1-score": 0.9188407504701613, "support": 4013385}, "weighted avg": {"precision": 0.9996066313528421, "recall": 0.9996060681943048, "f1-score": 0.9996062417756862, "support": 4013385}}, "accuracy": 0.9996060681943048, "precision_score_micro": 0.9996060681943048, "recall_score_micro": 0.9996060681943048, "f1_score_micro": 0.9996060681943048, "balanced_accuracy": 0.97767342721586, "adv_stats": {"Runtime (sec)": 1.0292479991912842, "Runtime (min)": "0.02", "CPU": 100.0, "Process Memory": 18.18011185528565}}, "GaussianNB": {"classification_report": {"0": {"precision": 0.6687172207105958, "recall": 0.01696337739063283, "f1-score": 0.03308742471040211, "support": 999683}, "1": {"precision": 0.7917967008470798, "recall": 0.9431757833244823, "f1-score": 0.8608822103732429, "support": 1883}, "2": {"precision": 0.7105263157894737, "recall": 0.18317503392130258, "f1-score": 0.2912621359223301, "support": 4422}, "3": {"precision": 0.55, "recall": 0.8461538461538461, "f1-score": 0.6666666666666667, "support": 13}, "4": {"precision": 0.012108391990955177, "recall": 0.14644905161005733, "f1-score": 0.022367445934110355, "support": 6801}, "5": {"precision": 1.0, "recall": 1.0, "f1-score": 1.0, "support": 170}, "6": {"precision": 1.0, "recall": 1.0, "f1-score": 1.0, "support": 2}, "7": {"precision": 1.0, "recall": 1.0, "f1-score": 1.0, "support": 1}, "8": {"precision": 0.657243816254417, "recall": 1.0, "f1-score": 0.7931769722814499, "support": 186}, "9": {"precision": 1.0, "recall": 0.4, "f1-score": 0.5714285714285715, "support": 5}, "10": {"precision": 0.9909434673197777, "recall": 0.22119469606931197, "f1-score": 0.36166081672211015, "support": 998731}, "11": {"precision": 0.0, "recall": 0.0, "f1-score": 0.0, "support": 2}, "12": {"precision": 1.0, "recall": 0.9997250654344266, "f1-score": 0.9998625138173615, "support": 1000238}, "13": {"precision": 1.0, "recall": 1.0, "f1-score": 1.0, "support": 1}, "14": {"precision": 0.3703506560453183, "recall": 0.9909372921340011, "f1-score": 0.5391868439479568, "support": 1001246}, "15": {"precision": 1.0, "recall": 1.0, "f1-score": 1.0, "support": 1}, "accuracy": 0.556628133109582, "macro avg": {"precision": 0.734480410559851, "recall": 0.6717358841273788, "f1-score": 0.6337238501127627, "support": 4013385}, "weighted avg": {"precision": 0.7560366018844442, "recall": 0.556628133109582, "f1-score": 0.48279273857030214, "support": 4013385}}, "accuracy": 0.556628133109582, "precision_score_micro": 0.556628133109582, "recall_score_micro": 0.556628133109582, "f1_score_micro": 0.556628133109582, "balanced_accuracy": 0.6717358841273788, "adv_stats": {"Runtime (sec)": 8.992391586303711, "Runtime (min)": "0.15", "CPU": 100.0, "Process Memory": 5.296676761634635}}, "LogisticRegression": {"classification_report": {"0": {"precision": 0.6281847493259517, "recall": 0.8210822830837375, "f1-score": 0.7117961792276941, "support": 999683}, "1": {"precision": 0.7656464138876199, "recall": 0.8900690387679235, "f1-score": 0.8231827111984281, "support": 1883}, "2": {"precision": 0.9519572953736655, "recall": 0.12098597919493442, "f1-score": 0.21468699839486358, "support": 4422}, "3": {"precision": 1.0, "recall": 0.38461538461538464, "f1-score": 0.5555555555555556, "support": 13}, "4": {"precision": 0.6531593406593407, "recall": 0.13983237759153067, "f1-score": 0.2303500060554681, "support": 6801}, "5": {"precision": 0.0, "recall": 0.0, "f1-score": 0.0, "support": 170}, "6": {"precision": 0.0, "recall": 0.0, "f1-score": 0.0, "support": 2}, "7": {"precision": 0.0, "recall": 0.0, "f1-score": 0.0, "support": 1}, "8": {"precision": 0.0, "recall": 0.0, "f1-score": 0.0, "support": 186}, "9": {"precision": 1.0, "recall": 0.2, "f1-score": 0.33333333333333337, "support": 5}, "10": {"precision": 0.9919110927043532, "recall": 0.9976029581538973, "f1-score": 0.9947488834076398, "support": 998731}, "11": {"precision": 0.25, "recall": 1.0, "f1-score": 0.4, "support": 2}, "12": {"precision": 0.7839146408031471, "recall": 0.916022986529206, "f1-score": 0.8448355032641168, "support": 1000238}, "13": {"precision": 0.0, "recall": 0.0, "f1-score": 0.0, "support": 1}, "14": {"precision": 0.5104942937041795, "recall": 0.26983778212347415, "f1-score": 0.3530564800984785, "support": 1001246}, "15": {"precision": 0.0, "recall": 0.0, "f1-score": 0.0, "support": 1}, "accuracy": 0.7491790595719076, "macro avg": {"precision": 0.4709542391536411, "recall": 0.3587530493787555, "f1-score": 0.34134660315847365, "support": 4013385}, "weighted avg": {"precision": 0.728557429303004, "recall": 0.7491790595719076, "f1-score": 0.7244921052259402, "support": 4013385}}, "accuracy": 0.7491790595719076, "precision_score_micro": 0.7491790595719076, "recall_score_micro": 0.7491790595719076, "f1_score_micro": 0.7491790595719074, "balanced_accuracy": 0.3587530493787555, "adv_stats": {"Runtime (sec)": 1.2246208190917969, "Runtime (min)": "0.02", "CPU": 444.8, "Process Memory": 12.267961518668887}}, "SVC_linear": {"classification_report": {"0": {"precision": 0.581949546390605, "recall": 0.8367362453897885, "f1-score": 0.68646388266436, "support": 999683}, "1": {"precision": 0.7155071900505247, "recall": 0.9776951672862454, "f1-score": 0.8263016157989228, "support": 1883}, "2": {"precision": 0.9704251386321626, "recall": 0.11872455902306649, "f1-score": 0.21156558533145275, "support": 4422}, "3": {"precision": 0.5, "recall": 0.15384615384615385, "f1-score": 0.23529411764705882, "support": 13}, "4": {"precision": 0.03278688524590164, "recall": 0.002940744008234083, "f1-score": 0.005397382269599244, "support": 6801}, "5": {"precision": 0.0, "recall": 0.0, "f1-score": 0.0, "support": 170}, "6": {"precision": 0.0, "recall": 0.0, "f1-score": 0.0, "support": 2}, "7": {"precision": 0.0, "recall": 0.0, "f1-score": 0.0, "support": 1}, "8": {"precision": 0.0, "recall": 0.0, "f1-score": 0.0, "support": 186}, "9": {"precision": 1.0, "recall": 0.2, "f1-score": 0.33333333333333337, "support": 5}, "10": {"precision": 0.9871711546258974, "recall": 0.9946011488579006, "f1-score": 0.9908722235993496, "support": 998731}, "11": {"precision": 0.6666666666666666, "recall": 1.0, "f1-score": 0.8, "support": 2},