{"model_stats": {"DecisionTree": {"classification_report": {"0": {"precision": 0.9999849965041855, "recall": 0.9999829960720926, "f1-score": 0.9999839962871386, "support": 999769}, "1": {"precision": 0.9775280898876404, "recall": 0.981203007518797, "f1-score": 0.9793621013133208, "support": 1862}, "2": {"precision": 0.997269003186163, "recall": 0.9990880072959416, "f1-score": 0.9981776765375854, "support": 4386}, "3": {"precision": 0.6666666666666666, "recall": 0.4444444444444444, "f1-score": 0.5333333333333333, "support": 9}, "4": {"precision": 0.9998511904761904, "recall": 0.9998511904761904, "f1-score": 0.9998511904761904, "support": 6720}, "5": {"precision": 0.8012048192771084, "recall": 0.7732558139534884, "f1-score": 0.7869822485207101, "support": 172}, "6": {"precision": 0.25, "recall": 1.0, "f1-score": 0.4, "support": 1}, "7": {"precision": 0.5, "recall": 1.0, "f1-score": 0.6666666666666666, "support": 1}, "8": {"precision": 0.21052631578947367, "recall": 0.22346368715083798, "f1-score": 0.2168021680216802, "support": 179}, "9": {"precision": 1.0, "recall": 1.0, "f1-score": 1.0, "support": 8}, "10": {"precision": 0.9999980006298016, "recall": 0.999990003228957, "f1-score": 0.9999940019133895, "support": 1000323}, "11": {"precision": 1.0, "recall": 0.8, "f1-score": 0.888888888888889, "support": 5}, "12": {"precision": 1.0, "recall": 0.9999990005496977, "f1-score": 0.9999995002745992, "support": 1000550}, "13": {"precision": 0.5, "recall": 1.0, "f1-score": 0.6666666666666666, "support": 1}, "14": {"precision": 0.999848907380224, "recall": 0.9998399033015941, "f1-score": 0.9998444053206376, "support": 999396}, "15": {"precision": 1.0, "recall": 0.5, "f1-score": 0.6666666666666666, "support": 2}, "accuracy": 0.9998970943223973, "macro avg": {"precision": 0.8064298743623408, "recall": 0.8575698783745026, "f1-score": 0.8002012194304672, "support": 4013384}, "weighted avg": {"precision": 0.9998995658489075, "recall": 0.9998970943223973, "f1-score": 0.9998981055457064, "support": 4013384}}, "accuracy": 0.9998970943223973, "precision_score_micro": 0.9998970943223973, "recall_score_micro": 0.9998970943223973, "f1_score_micro": 0.9998970943223973, "balanced_accuracy": 0.8575698783745026, "adv_stats": {"Runtime (sec)": 1.095029592514038, "Runtime (min)": "0.02", "CPU": 100.0, "Process Memory": 5.88394013441069}}, "GaussianNB": {"classification_report": {"0": {"precision": 0.902672040603075, "recall": 0.018145191539245566, "f1-score": 0.03557526184812515, "support": 999769}, "1": {"precision": 0.9829881656804734, "recall": 0.7137486573576799, "f1-score": 0.8270068450528937, "support": 1862}, "2": {"precision": 0.9499072356215214, "recall": 0.11673506611947104, "f1-score": 0.2079187817258883, "support": 4386}, "3": {"precision": 0.2, "recall": 0.4444444444444444, "f1-score": 0.2758620689655173, "support": 9}, "4": {"precision": 0.015232397606994939, "recall": 0.14776785714285715, "f1-score": 0.02761785565289946, "support": 6720}, "5": {"precision": 0.23497267759562843, "recall": 1.0, "f1-score": 0.3805309734513274, "support": 172}, "6": {"precision": 0.25, "recall": 1.0, "f1-score": 0.4, "support": 1}, "7": {"precision": 1.0, "recall": 1.0, "f1-score": 1.0, "support": 1}, "8": {"precision": 0.0007709037662309697, "recall": 1.0, "f1-score": 0.0015406198628073711, "support": 179}, "9": {"precision": 1.0, "recall": 0.125, "f1-score": 0.2222222222222222, "support": 8}, "10": {"precision": 0.9960402793433186, "recall": 0.23939167648849421, "f1-score": 0.38600871735023506, "support": 1000323}, "11": {"precision": 0.1875, "recall": 0.6, "f1-score": 0.2857142857142857, "support": 5}, "12": {"precision": 1.0, "recall": 0.9997551346759282, "f1-score": 0.999877552346372, "support": 1000550}, "13": {"precision": 0.018867924528301886, "recall": 1.0, "f1-score": 0.037037037037037035, "support": 1}, "14": {"precision": 0.36595763593719927, "recall": 0.8980374145984175, "f1-score": 0.5200078103000939, "support": 999396}, "15": {"precision": 1.0, "recall": 1.0, "f1-score": 1.0, "support": 2}, "accuracy": 0.5378523460501163, "macro avg": {"precision": 0.5690568287926715, "recall": 0.6439390901479086, "f1-score": 0.4129325019706065, "support": 4013384}, "weighted avg": {"precision": 0.815089126710136, "recall": 0.5378523460501163, "f1-score": 0.48451230095769343, "support": 4013384}}, "accuracy": 0.5378523460501163, "precision_score_micro": 0.5378523460501163, "recall_score_micro": 0.5378523460501163, "f1_score_micro": 0.5378523460501163, "balanced_accuracy": 0.6439390901479086, "adv_stats": {"Runtime (sec)": 11.305739879608154, "Runtime (min)": "0.19", "CPU": 100.0, "Process Memory": 6.108696827396779}}, "RandomForest": {"classification_report": {"0": {"precision": 0.9999879968671823, "recall": 0.9999579902957583, "f1-score": 0.9999729933563657, "support": 999769}, "1": {"precision": 0.9796355841371919, "recall": 0.9817400644468314, "f1-score": 0.9806866952789699, "support": 1862}, "2": {"precision": 0.9979508196721312, "recall": 0.9993160054719562, "f1-score": 0.998632946001367, "support": 4386}, "3": {"precision": 0.6666666666666666, "recall": 0.6666666666666666, "f1-score": 0.6666666666666666, "support": 9}, "4": {"precision": 0.9997024252343402, "recall": 0.9998511904761904, "f1-score": 0.9997768023212559, "support": 6720}, "5": {"precision": 0.8187134502923976, "recall": 0.813953488372093, "f1-score": 0.8163265306122449, "support": 172}, "6": {"precision": 1.0, "recall": 1.0, "f1-score": 1.0, "support": 1}, "7": {"precision": 1.0, "recall": 1.0, "f1-score": 1.0, "support": 1}, "8": {"precision": 0.0, "recall": 0.0, "f1-score": 0.0, "support": 179}, "9": {"precision": 1.0, "recall": 1.0, "f1-score": 1.0, "support": 8}, "10": {"precision": 0.9999990003178989, "recall": 0.9999940019373742, "f1-score": 0.9999965011213906, "support": 1000323}, "11": {"precision": 0.6, "recall": 0.6, "f1-score": 0.6, "support": 5}, "12": {"precision": 1.0, "recall": 1.0, "f1-score": 1.0, "support": 1000550}, "13": {"precision": 1.0, "recall": 1.0, "f1-score": 1.0, "support": 1}, "14": {"precision": 0.9997879143173842, "recall": 0.9999879927476195, "f1-score": 0.9998879435235358, "support": 999396}, "15": {"precision": 0.6666666666666666, "recall": 1.0, "f1-score": 0.8, "support": 2}, "accuracy": 0.9999217617850672, "macro avg": {"precision": 0.8580694077607413, "recall": 0.8788417125259056, "f1-score": 0.8663716924301123, "support": 4013384}, "weighted avg": {"precision": 0.9998779803151525, "recall": 0.9999217617850672, "f1-score": 0.9998998505486733, "support": 4013384}}, "accuracy": 0.9999217617850672, "precision_score_micro": 0.9999217617850672, "recall_score_micro": 0.9999217617850672, "f1_score_micro": 0.9999217617850672, "balanced_accuracy": 0.8788417125259056, "adv_stats": {"Runtime (sec)": 56.26077389717102, "Runtime (min)": "0.94", "CPU": 99.9, "Process Memory": 7.828355032650639}}, "SVC_linear": {"classification_report": {"0": {"precision": 0.6018056076401082, "recall": 0.9085138667032084, "f1-score": 0.7240173339332908, "support": 999769}, "1": {"precision": 0.7474874371859297, "recall": 0.9586466165413534, "f1-score": 0.84, "support": 1862}, "2": {"precision": 0.9732313575525813, "recall": 0.11605107159142727, "f1-score": 0.20737421063353026, "support": 4386}, "3": {"precision": 0.1111111111111111, "recall": 0.1111111111111111, "f1-score": 0.1111111111111111, "support": 9}, "4": {"precision": 0.42435424354243545, "recall": 0.06845238095238096, "f1-score": 0.11788826242952333, "support": 6720}, "5": {"precision": 0.0, "recall": 0.0, "f1-score": 0.0, "support": 172}, "6": {"precision": 0.0, "recall": 0.0, "f1-score": 0.0, "support": 1}, "7": {"precision": 0.0, "recall": 0.0, "f1-score": 0.0, "support": 1}, "8": {"precision": 0.0, "recall": 0.0, "f1-score": 0.0, "support": 179}, "9": {"precision": 0.0, "recall": 0.0, "f1-score": 0.0, "support": 8}, "10": {"precision": 0.9673946546797076, "recall": 0.9945967452512838, "f1-score": 0.9808071278515991, "support": 1000323},