{"model_stats": {"DecisionTree": {"classification_report": {"0": {"precision": 0.9999830037731624, "recall": 0.9999840035352188, "f1-score": 0.9999835036539406, "support": 1000221}, "1": {"precision": 0.9798835362625727, "recall": 0.9804025423728814, "f1-score": 0.9801429706115965, "support": 1888}, "2": {"precision": 0.997990174184904, "recall": 0.997990174184904, "f1-score": 0.997990174184904, "support": 4478}, "3": {"precision": 0.8571428571428571, "recall": 0.6666666666666666, "f1-score": 0.75, "support": 9}, "4": {"precision": 1.0, "recall": 1.0, "f1-score": 1.0, "support": 6784}, "5": {"precision": 0.8135593220338984, "recall": 0.8, "f1-score": 0.8067226890756303, "support": 180}, "6": {"precision": 0.75, "recall": 1.0, "f1-score": 0.8571428571428571, "support": 3}, "7": {"precision": 0.3333333333333333, "recall": 1.0, "f1-score": 0.5, "support": 1}, "8": {"precision": 0.1977401129943503, "recall": 0.18421052631578946, "f1-score": 0.1907356948228883, "support": 190}, "9": {"precision": 0.8, "recall": 0.8, "f1-score": 0.8000000000000002, "support": 5}, "10": {"precision": 0.9999980004159135, "recall": 0.9999930014906825, "f1-score": 0.9999955009470507, "support": 1000213}, "11": {"precision": 0.5, "recall": 0.75, "f1-score": 0.6, "support": 4}, "12": {"precision": 1.0, "recall": 0.9999989996738937, "f1-score": 0.9999994998366968, "support": 999674}, "13": {"precision": 0.5, "recall": 1.0, "f1-score": 0.6666666666666666, "support": 1}, "14": {"precision": 0.9998359580052494, "recall": 0.9998489593700706, "f1-score": 0.9998424586453944, "support": 999731}, "15": {"precision": 0.4, "recall": 1.0, "f1-score": 0.5714285714285715, "support": 2}, "accuracy": 0.9998960976572389, "macro avg": {"precision": 0.75809164363414, "recall": 0.8861934296006316, "f1-score": 0.7950406616885124, "support": 4013384}, "weighted avg": {"precision": 0.9998945107606176, "recall": 0.9998960976572389, "f1-score": 0.9998950989408726, "support": 4013384}}, "accuracy": 0.9998960976572389, "precision_score_micro": 0.9998960976572389, "recall_score_micro": 0.9998960976572389, "f1_score_micro": 0.9998960976572389, "balanced_accuracy": 0.8861934296006316, "adv_stats": {"Runtime (sec)": 1.003314733505249, "Runtime (min)": "0.02", "CPU": 100.0, "Process Memory": 11.189116634754107}}, "GaussianNB": {"classification_report": {"0": {"precision": 0.898695054945055, "recall": 0.01831495239552059, "f1-score": 0.03589831521499503, "support": 1000221}, "1": {"precision": 0.9788838612368024, "recall": 0.6875, "f1-score": 0.8077162414436838, "support": 1888}, "2": {"precision": 0.9394495412844037, "recall": 0.1143367574810183, "f1-score": 0.20386223372486562, "support": 4478}, "3": {"precision": 0.375, "recall": 0.3333333333333333, "f1-score": 0.35294117647058826, "support": 9}, "4": {"precision": 0.005820058535713488, "recall": 0.15359669811320756, "f1-score": 0.011215154450543536, "support": 6784}, "5": {"precision": 0.22443890274314215, "recall": 1.0, "f1-score": 0.3665987780040733, "support": 180}, "6": {"precision": 0.3333333333333333, "recall": 1.0, "f1-score": 0.5, "support": 3}, "7": {"precision": 1.0, "recall": 1.0, "f1-score": 1.0, "support": 1}, "8": {"precision": 0.0008195024326282736, "recall": 1.0, "f1-score": 0.0016376627966108999, "support": 190}, "9": {"precision": 1.0, "recall": 0.4, "f1-score": 0.5714285714285715, "support": 5}, "10": {"precision": 0.9933487565066512, "recall": 0.1236336660291358, "f1-score": 0.21989844411981496, "support": 1000213}, "11": {"precision": 0.3333333333333333, "recall": 0.75, "f1-score": 0.46153846153846156, "support": 4}, "12": {"precision": 1.0, "recall": 0.999764923365017, "f1-score": 0.9998824478656284, "support": 999674}, "13": {"precision": 0.020833333333333332, "recall": 1.0, "f1-score": 0.04081632653061225, "support": 1}, "14": {"precision": 0.3663673716735555, "recall": 0.8998340553608921, "f1-score": 0.5207225813621799, "support": 999731}, "15": {"precision": 1.0, "recall": 1.0, "f1-score": 1.0, "support": 2}, "accuracy": 0.5093574400057408, "macro avg": {"precision": 0.5918951905848719, "recall": 0.6550196491298828, "f1-score": 0.44338477468441434, "support": 4013384}, "weighted avg": {"precision": 0.8134147094128485, "recall": 0.5093574400057408, "f1-score": 0.44316297440771574, "support": 4013384}}, "accuracy": 0.5093574400057408, "precision_score_micro": 0.5093574400057408, "recall_score_micro": 0.5093574400057408, "f1_score_micro": 0.5093574400057408, "balanced_accuracy": 0.6550196491298828, "adv_stats": {"Runtime (sec)": 10.530032634735107, "Runtime (min)": "0.18", "CPU": 100.0, "Process Memory": 11.414287949140625}}, "LogisticRegression": {"classification_report": {"0": {"precision": 0.6377880377689233, "recall": 0.8206416381979582, "f1-score": 0.7177520161069952, "support": 1000221}, "1": {"precision": 0.7580645161290323, "recall": 0.8463983050847458, "f1-score": 0.7997997997997998, "support": 1888}, "2": {"precision": 0.6254681647940075, "recall": 0.11188030370701206, "f1-score": 0.18980867588558437, "support": 4478}, "3": {"precision": 0.6, "recall": 0.3333333333333333, "f1-score": 0.42857142857142855, "support": 9}, "4": {"precision": 0.8061420345489443, "recall": 0.12382075471698113, "f1-score": 0.2146690518783542, "support": 6784}, "5": {"precision": 0.0, "recall": 0.0, "f1-score": 0.0, "support": 180}, "6": {"precision": 0.0, "recall": 0.0, "f1-score": 0.0, "support": 3}, "7": {"precision": 0.0, "recall": 0.0, "f1-score": 0.0, "support": 1}, "8": {"precision": 0.0, "recall": 0.0, "f1-score": 0.0, "support": 190}, "9": {"precision": 0.0, "recall": 0.0, "f1-score": 0.0, "support": 5}, "10": {"precision": 0.9901017584602205, "recall": 0.9948670933091252, "f1-score": 0.9924787057908281, "support": 1000213}, "11": {"precision": 0.3, "recall": 0.75, "f1-score": 0.4285714285714285, "support": 4}, "12": {"precision": 0.7918998965284673, "recall": 0.9454922304671323, "f1-score": 0.8619069786740068, "support": 999674}, "13": {"precision": 0.0, "recall": 0.0, "f1-score": 0.0, "support": 1}, "14": {"precision": 0.5619652327299524, "recall": 0.2944512073747838, "f1-score": 0.3864272882471742, "support": 999731}, "15": {"precision": 0.0, "recall": 0.0, "f1-score": 0.0, "support": 2}, "accuracy": 0.7620509275962629, "macro avg": {"precision": 0.3794643525599717, "recall": 0.326305304136942, "f1-score": 0.31374908584535, "support": 4013384}, "weighted avg": {"precision": 0.7453572795713963, "recall": 0.7620509275962629, "f1-score": 0.7381232274092047, "support": 4013384}}, "accuracy": 0.7620509275962629, "precision_score_micro": 0.7620509275962629, "recall_score_micro": 0.7620509275962629, "f1_score_micro": 0.7620509275962628, "balanced_accuracy": 0.326305304136942, "adv_stats": {"Runtime (sec)": 1.35444974899292, "Runtime (min)": "0.02", "CPU": 418.2, "Process Memory": 6.739878174664368}}, "RandomForest": {"classification_report": {"0": {"precision": 0.9999870025864853, "recall": 0.9999650077332909, "f1-score": 0.9999760050389419, "support": 1000221}, "1": {"precision": 0.9846072186836518, "recall": 0.982521186440678, "f1-score": 0.9835630965005301, "support": 1888}, "2": {"precision": 0.9971001561454383, "recall": 0.9982134881643591, "f1-score": 0.9976565115500502, "support": 4478}, "3": {"precision": 0.875, "recall": 0.7777777777777778, "f1-score": 0.823529411764706, "support": 9}, "4": {"precision": 0.9995579784882864, "recall": 1.0, "f1-score": 0.9997789403875912, "support": 6784}, "5": {"precision": 0.8368421052631579, "recall": 0.8833333333333333, "f1-score": 0.8594594594594595, "support": 180}, "6": {"precision": 0.75, "recall": 1.0, "f1-score": 0.8571428571428571, "support": 3}, "7": {"precision": 1.0, "recall": 1.0, "f1-score": 1.0, "support": 1}, "8": {"precision": 0.0, "recall": 0.0, "f1-score": 0.0, "support": 190}, "9": {"precision": 0.75, "recall": 0.6, "f1-score": 0.6666666666666665, "support": 5}, "10": {"precision": 0.9999970006178727, "recall": 0.9999900021295464, "f1-score": 0.9999935013614647,