{"model_stats": {"DecisionTree": {"classification_report": {"0": {"precision": 0.9999929947741015, "recall": 0.9999939955146494, "f1-score": 0.9999934951441252, "support": 999253}, "10": {"precision": 0.9999970047026169, "recall": 1.0, "f1-score": 0.9999985023490654, "support": 1001567}, "12": {"precision": 1.0, "recall": 1.0, "f1-score": 1.0, "support": 998275}, "14": {"precision": 0.9999950045009447, "recall": 0.9999910081376354, "f1-score": 0.9999930063152972, "support": 1000905}, "accuracy": 0.99999625, "macro avg": {"precision": 0.9999962509944158, "recall": 0.9999962509130712, "f1-score": 0.999996250952122, "support": 4000000}, "weighted avg": {"precision": 0.9999962499990023, "recall": 0.99999625, "f1-score": 0.9999962499978778, "support": 4000000}}, "accuracy": 0.99999625, "precision_score_micro": 0.99999625, "recall_score_micro": 0.99999625, "f1_score_micro": 0.99999625, "balanced_accuracy": 0.9999962509130712, "adv_stats": {"Runtime (sec)": 0.9394855499267578, "Runtime (min)": "0.02", "CPU": 99.9, "Process Memory": 6.73946355326394}}, "GaussianNB": {"classification_report": {"0": {"precision": 0.6308566019876952, "recall": 0.018675950935348705, "f1-score": 0.03627792600368378, "support": 999253}, "10": {"precision": 0.9934695527422246, "recall": 0.29937687643462696, "f1-score": 0.4601038527402515, "support": 1001567}, "12": {"precision": 1.0, "recall": 0.9997535749167313, "f1-score": 0.9998767722751646, "support": 998275}, "14": {"precision": 0.3714623683615345, "recall": 0.9911200363670878, "f1-score": 0.540391237640873, "support": 1000905}, "accuracy": 0.5771385, "macro avg": {"precision": 0.7489471307728636, "recall": 0.5772316096634487, "f1-score": 0.5091624471649931, "support": 4000000}, "weighted avg": {"precision": 0.7488713033605711, "recall": 0.5771385, "f1-score": 0.5090269846060956, "support": 4000000}}, "accuracy": 0.5771385, "precision_score_micro": 0.5771385, "recall_score_micro": 0.5771385, "f1_score_micro": 0.5771385, "balanced_accuracy": 0.5772316096634487, "adv_stats": {"Runtime (sec)": 3.256290912628174, "Runtime (min)": "0.05", "CPU": 100.0, "Process Memory": 6.02730345709729}}, "LogisticRegression": {"classification_report": {"0": {"precision": 0.6809439275635314, "recall": 0.9047848743011029, "f1-score": 0.7770657443847868, "support": 999253}, "10": {"precision": 0.9975138405524444, "recall": 0.9978923027615726, "f1-score": 0.9977030357661588, "support": 1001567}, "12": {"precision": 0.7773916675480377, "recall": 0.8688237209185845, "f1-score": 0.8205685913789327, "support": 998275}, "14": {"precision": 0.599032161517963, "recall": 0.3319455892417362, "f1-score": 0.4271768764990746, "support": 1000905}, "accuracy": 0.775784, "macro avg": {"precision": 0.7637203992954942, "recall": 0.775861621805749, "f1-score": 0.7556285620072382, "support": 4000000}, "weighted avg": {"precision": 0.7637842899339714, "recall": 0.775784, "f1-score": 0.7556170737070115, "support": 4000000}}, "accuracy": 0.775784, "precision_score_micro": 0.775784, "recall_score_micro": 0.775784, "f1_score_micro": 0.775784, "balanced_accuracy": 0.775861621805749, "adv_stats": {"Runtime (sec)": 0.8576264381408691, "Runtime (min)": "0.01", "CPU": 218.3, "Process Memory": 7.940669591235924}}, "RandomForest": {"classification_report": {"0": {"precision": 0.9999879908730636, "recall": 0.9999749813110393, "f1-score": 0.9999814860497385, "support": 999253}, "10": {"precision": 0.9999970047026169, "recall": 1.0, "f1-score": 0.9999985023490654, "support": 1001567}, "12": {"precision": 0.9999989982720192, "recall": 0.9999989982720192, "f1-score": 0.9999989982720192, "support": 998275}, "14": {"precision": 0.999976021939925, "recall": 0.999986012658544, "f1-score": 0.9999810172742803, "support": 1000905}, "accuracy": 0.99999, "macro avg": {"precision": 0.9999900039469061, "recall": 0.9999899980604008, "f1-score": 0.9999900009862758, "support": 4000000}, "weighted avg": {"precision": 0.999990000023162, "recall": 0.99999, "f1-score": 0.9999899999942047, "support": 4000000}}, "accuracy": 0.99999, "precision_score_micro": 0.99999, "recall_score_micro": 0.99999, "f1_score_micro": 0.99999, "balanced_accuracy": 0.9999899980604008, "adv_stats": {"Runtime (sec)": 35.30962586402893, "Runtime (min)": "0.59", "CPU": 100.0, "Process Memory": 11.316788132132185}}, "SVC_linear": {"classification_report": {"0": {"precision": 0.5944667937550322, "recall": 0.8319844924158346, "f1-score": 0.6934511657779883, "support": 999253}, "10": {"precision": 0.9905871356194283, "recall": 0.9946204297865245, "f1-score": 0.9925996855339646, "support": 1001567}, "12": {"precision": 0.769740449038437, "recall": 0.8733815832310736, "f1-score": 0.8182923956410297, "support": 998275}, "14": {"precision": 0.38766014776559593, "recall": 0.17938865326879175, "f1-score": 0.24527635613300175, "support": 1000905}, "accuracy": 0.719742, "macro avg": {"precision": 0.6856136315446234, "recall": 0.7198437896755562, "f1-score": 0.6874049007714961, "support": 4000000}, "weighted avg": {"precision": 0.6856464349210528, "recall": 0.719742, "f1-score": 0.6873668548730499, "support": 4000000}}, "accuracy": 0.719742, "precision_score_micro": 0.719742, "recall_score_micro": 0.719742, "f1_score_micro": 0.719742, "balanced_accuracy": 0.7198437896755562, "adv_stats": {"Runtime (sec)": 0.8606975078582764, "Runtime (min)": "0.01", "CPU": 220.1, "Process Memory": 11.287381906655646}}}}