{"model_stats": {"DecisionTree": {"classification_report": {"0": {"precision": 0.9999910119002441, "recall": 0.9999860185813054, "f1-score": 0.9999885152345414, "support": 1001329}, "1": {"precision": 0.9984520123839009, "recall": 0.9984520123839009, "f1-score": 0.9984520123839009, "support": 1938}, "2": {"precision": 0.9995542678850011, "recall": 0.9995542678850011, "f1-score": 0.9995542678850011, "support": 4487}, "3": {"precision": 0.9375, "recall": 0.9375, "f1-score": 0.9375, "support": 16}, "4": {"precision": 0.9998495788206979, "recall": 1.0, "f1-score": 0.9999247837532907, "support": 6647}, "5": {"precision": 1.0, "recall": 1.0, "f1-score": 1.0, "support": 164}, "6": {"precision": 1.0, "recall": 1.0, "f1-score": 1.0, "support": 2}, "7": {"precision": 1.0, "recall": 1.0, "f1-score": 1.0, "support": 1}, "8": {"precision": 1.0, "recall": 0.9945054945054945, "f1-score": 0.9972451790633609, "support": 182}, "9": {"precision": 0.6666666666666666, "recall": 0.6666666666666666, "f1-score": 0.6666666666666666, "support": 3}, "10": {"precision": 1.0, "recall": 0.999999001009979, "f1-score": 0.99999950050474, "support": 1001011}, "11": {"precision": 1.0, "recall": 0.5, "f1-score": 0.6666666666666666, "support": 4}, "12": {"precision": 0.9999989994737232, "recall": 1.0, "f1-score": 0.9999994997366114, "support": 999473}, "13": {"precision": 1.0, "recall": 1.0, "f1-score": 1.0, "support": 1}, "14": {"precision": 0.9999899812750029, "recall": 0.999996994361422, "f1-score": 0.9999934878059166, "support": 998124}, "15": {"precision": 1.0, "recall": 1.0, "f1-score": 1.0, "support": 2}, "accuracy": 0.9999930233438913, "macro avg": {"precision": 0.9751251574003272, "recall": 0.9435412784621107, "f1-score": 0.9541244112312934, "support": 4013384}, "weighted avg": {"precision": 0.9999930233878972, "recall": 0.9999930233438913, "f1-score": 0.9999929399531531, "support": 4013384}}, "accuracy": 0.9999930233438913, "precision_score_micro": 0.9999930233438913, "recall_score_micro": 0.9999930233438913, "f1_score_micro": 0.9999930233438913, "balanced_accuracy": 0.9435412784621107, "adv_stats": {"Runtime (sec)": 1.1409924030303955, "Runtime (min)": "0.02", "CPU": 100.0, "Process Memory": 17.55943956582123}}, "GaussianNB": {"classification_report": {"0": {"precision": 0.8882737795671867, "recall": 0.019389231711056006, "f1-score": 0.037950089231087995, "support": 1001329}, "1": {"precision": 0.8236424795771263, "recall": 0.8844169246646026, "f1-score": 0.8529484946504104, "support": 1938}, "2": {"precision": 0.6924384027187765, "recall": 0.1816358368620459, "f1-score": 0.2877824858757062, "support": 4487}, "3": {"precision": 0.5555555555555556, "recall": 0.625, "f1-score": 0.5882352941176471, "support": 16}, "4": {"precision": 0.014721150419165389, "recall": 0.1429216187753874, "f1-score": 0.026692891261590336, "support": 6647}, "5": {"precision": 1.0, "recall": 1.0, "f1-score": 1.0, "support": 164}, "6": {"precision": 1.0, "recall": 1.0, "f1-score": 1.0, "support": 2}, "7": {"precision": 1.0, "recall": 1.0, "f1-score": 1.0, "support": 1}, "8": {"precision": 0.9479166666666666, "recall": 1.0, "f1-score": 0.9732620320855615, "support": 182}, "9": {"precision": 0.0, "recall": 0.0, "f1-score": 0.0, "support": 3}, "10": {"precision": 0.9975866489075202, "recall": 0.23868169280857054, "f1-score": 0.38520062683795075, "support": 1001011}, "11": {"precision": 0.125, "recall": 0.5, "f1-score": 0.2, "support": 4}, "12": {"precision": 1.0, "recall": 0.9997418639623081, "f1-score": 0.9998709153204502, "support": 999473}, "13": {"precision": 1.0, "recall": 1.0, "f1-score": 1.0, "support": 1}, "14": {"precision": 0.3705282378463427, "recall": 0.9965986190092614, "f1-score": 0.5402101908683407, "support": 998124}, "15": {"precision": 1.0, "recall": 1.0, "f1-score": 1.0, "support": 2}, "accuracy": 0.5621502951125534, "macro avg": {"precision": 0.7134789325786464, "recall": 0.661774111737077, "f1-score": 0.6182595637655466, "support": 4013384}, "weighted avg": {"precision": 0.8129071583355637, "recall": 0.5621502951125534, "f1-score": 0.4897638493523735, "support": 4013384}}, "accuracy": 0.5621502951125534, "precision_score_micro": 0.5621502951125534, "recall_score_micro": 0.5621502951125534, "f1_score_micro": 0.5621502951125534, "balanced_accuracy": 0.661774111737077, "adv_stats": {"Runtime (sec)": 12.202710390090942, "Runtime (min)": "0.20", "CPU": 100.0, "Process Memory": 17.776796861507364}}, "SVC_linear": {"classification_report": {"0": {"precision": 0.6011643440023527, "recall": 0.8471741056136395, "f1-score": 0.7032760410276138, "support": 1001329}, "1": {"precision": 0.7509039775010045, "recall": 0.9643962848297214, "f1-score": 0.844364129207138, "support": 1938}, "2": {"precision": 0.9557522123893806, "recall": 0.12034767104969914, "f1-score": 0.21377672209026127, "support": 4487}, "3": {"precision": 0.4444444444444444, "recall": 0.25, "f1-score": 0.32, "support": 16}, "4": {"precision": 0.4326530612244898, "recall": 0.06378817511659395, "f1-score": 0.11118395175036055, "support": 6647}, "5": {"precision": 0.0, "recall": 0.0, "f1-score": 0.0, "support": 164}, "6": {"precision": 0.0, "recall": 0.0, "f1-score": 0.0, "support": 2}, "7": {"precision": 0.0, "recall": 0.0, "f1-score": 0.0, "support": 1}, "8": {"precision": 0.0, "recall": 0.0, "f1-score": 0.0, "support": 182}, "9": {"precision": 0.0, "recall": 0.0, "f1-score": 0.0, "support": 3}, "10": {"precision": 0.9673142859363599, "recall": 0.9946094498462055, "f1-score": 0.9807719966034041, "support": 1001011}, "11": {"precision": 0.0, "recall": 0.0, "f1-score": 0.0, "support": 4}, "12": {"precision": 0.7985370523948613, "recall": 0.9855443818892556, "f1-score": 0.8822396675339564, "support": 999473}, "13": {"precision": 1.0, "recall": 1.0, "f1-score": 1.0, "support": 1}, "14": {"precision": 0.5288358920852586, "recall": 0.17773142415170862, "f1-score": 0.26604897815944223, "support": 998124}, "15": {"precision": 0.0, "recall": 0.0, "f1-score": 0.0, "support": 2}, "accuracy": 0.7497852186583691, "macro avg": {"precision": 0.40497532937363445, "recall": 0.33772446828105146, "f1-score": 0.33260384289826106, "support": 4013384}, "weighted avg": {"precision": 0.723789006860392, "recall": 0.7497852186583691, "f1-score": 0.7067949648090982, "support": 4013384}}, "accuracy": 0.7497852186583691, "precision_score_micro": 0.7497852186583691, "recall_score_micro": 0.7497852186583691, "f1_score_micro": 0.749785218658369, "balanced_accuracy": 0.33772446828105146, "adv_stats": {"Runtime (sec)": 1.4946284294128418, "Runtime (min)": "0.02", "CPU": 389.6, "Process Memory": 15.931014015638562}}, "LogisticRegression": {"classification_report": {"0": {"precision": 0.6406552686507657, "recall": 0.8184193207227595, "f1-score": 0.718708493185044, "support": 1001329}, "1": {"precision": 0.8351591027647366, "recall": 0.826109391124871, "f1-score": 0.8306095979247731, "support": 1938}, "2": {"precision": 0.7195121951219512, "recall": 0.11834187653220414, "f1-score": 0.20325358851674638, "support": 4487}, "3": {"precision": 0.7, "recall": 0.4375, "f1-score": 0.5384615384615384, "support": 16}, "4": {"precision": 0.6007692307692307, "recall": 0.11749661501429216, "f1-score": 0.19655215804706175, "support": 6647}, "5": {"precision": 0.0, "recall": 0.0, "f1-score": 0.0, "support": 164}, "6": {"precision": 0.0, "recall": 0.0, "f1-score": 0.0, "support": 2}, "7": {"precision": 0.0, "recall": 0.0, "f1-score": 0.0, "support": 1}, "8": {"precision": 0.0, "recall": 0.0, "f1-score": 0.0, "support": 182}, "9": {"precision": 0.0, "recall": 0.0, "f1-score": 0.0, "support": 3}, "10": {"precision": 0.9904607756725406, "recall": 0.9946234357065007, "f1-score": 0.9925377412050168, "support": 1001011}, "11": {"precision": 0.5, "recall": 0.75, "f1-score": 0.6, "support": 4}, "12": {"precision": 0.7753988089891203, "recall": 0.880934252350989, "f1-score": 0.8248043657572276, "support": 999473}, "13": {"precision": 0.0, "recall": 0.0, "f1-score": 0.0, "support": 1},