{
  "model_stats": {
    "DecisionTree": {
      "classification_report": {
        "0": {
          "precision": 0.999201347413875,
          "recall": 0.9992942413694517,
          "f1-score": 0.9992477922327176,
          "support": 1000342
        },
        "10": {
          "precision": 0.9999959962284471,
          "recall": 0.9999959962284471,
          "f1-score": 0.9999959962284471,
          "support": 999058
        },
        "12": {
          "precision": 1.0,
          "recall": 0.999999000254935,
          "f1-score": 0.9999995001272176,
          "support": 1000255
        },
        "14": {
          "precision": 0.9992951783198851,
          "recall": 0.9992032748701698,
          "f1-score": 0.99924922448188,
          "support": 1000345
        },
        "accuracy": 0.999623,
        "macro avg": {
          "precision": 0.9996231304905518,
          "recall": 0.9996231281807509,
          "f1-score": 0.9996231282675656,
          "support": 4000000
        },
        "weighted avg": {
          "precision": 0.999623002357774,
          "recall": 0.999623,
          "f1-score": 0.9996230001104344,
          "support": 4000000
        }
      },
      "accuracy": 0.999623,
      "precision_score_micro": 0.999623,
      "recall_score_micro": 0.999623,
      "f1_score_micro": 0.999623,
      "balanced_accuracy": 0.9996231281807509,
      "adv_stats": {
        "Runtime (sec)": 0.9145553112030029,
        "Runtime (min)": "0.02",
        "CPU": 100.0,
        "Process Memory": 3.882387217796316
      }
    },
    "GaussianNB": {
      "classification_report": {
        "0": {
          "precision": 0.5772503504710984,
          "recall": 0.017699946618256555,
          "f1-score": 0.0343467359834726,
          "support": 1000342
        },
        "10": {
          "precision": 0.9911218484053129,
          "recall": 0.29935499240284347,
          "f1-score": 0.45982580084716446,
          "support": 999058
        },
        "12": {
          "precision": 1.0,
          "recall": 0.9997440652633578,
          "f1-score": 0.9998720162539357,
          "support": 1000255
        },
        "14": {
          "precision": 0.3709232651665782,
          "recall": 0.9891247519605736,
          "f1-score": 0.5395241609620273,
          "support": 1000345
        },
        "accuracy": 0.576561,
        "macro avg": {
          "precision": 0.7348238660107475,
          "recall": 0.5764809390612579,
          "f1-score": 0.50839217851165,
          "support": 4000000
        },
        "weighted avg": {
          "precision": 0.7347355538520338,
          "recall": 0.576561,
          "f1-score": 0.5083971019813963,
          "support": 4000000
        }
      },
      "accuracy": 0.576561,
      "precision_score_micro": 0.576561,
      "recall_score_micro": 0.576561,
      "f1_score_micro": 0.576561,
      "balanced_accuracy": 0.5764809390612579,
      "adv_stats": {
        "Runtime (sec)": 2.6609857082366943,
        "Runtime (min)": "0.04",
        "CPU": 99.4,
        "Process Memory": 4.046497557481277
      }
    },
    "LogisticRegression": {
      "classification_report": {
        "0": {
          "precision": 0.683992858579326,
          "recall": 0.9451997416883425,
          "f1-score": 0.7936567759264699,
          "support": 1000342
        },
        "10": {
          "precision": 0.9974816950521656,
          "recall": 0.9986977733024509,
          "f1-score": 0.9980893637581314,
          "support": 999058
        },
        "12": {
          "precision": 0.7912084157587064,
          "recall": 0.9260758506580822,
          "f1-score": 0.8533462059842166,
          "support": 1000255
        },
        "14": {
          "precision": 0.719200197039923,
          "recall": 0.3210912235278829,
          "f1-score": 0.4439695774920437,
          "support": 1000345
        },
        "accuracy": 0.7976985,
        "macro avg": {
          "precision": 0.7979707916075301,
          "recall": 0.7977661472941896,
          "f1-score": 0.7722654807902154,
          "support": 4000000
        },
        "weighted avg": {
          "precision": 0.7979068366112532,
          "recall": 0.7976985,
          "f1-score": 0.7721909815960823,
          "support": 4000000
        }
      },
      "accuracy": 0.7976985,
      "precision_score_micro": 0.7976985,
      "recall_score_micro": 0.7976985,
      "f1_score_micro": 0.7976985,
      "balanced_accuracy": 0.7977661472941896,
      "adv_stats": {
        "Runtime (sec)": 0.6891047954559326,
        "Runtime (min)": "0.01",
        "CPU": 225.2,
        "Process Memory": 8.795842176596503
      }
    },
    "RandomForest": {
      "classification_report": {
        "0": {
          "precision": 0.9991589638274537,
          "recall": 0.9999620129915568,
          "f1-score": 0.9995603271166252,
          "support": 1000342
        },
        "10": {
          "precision": 0.999998999055108,
          "recall": 0.9999969971713354,
          "f1-score": 0.9999979981122199,
          "support": 999058
        },
        "12": {
          "precision": 1.0,
          "recall": 0.99999600101974,
          "f1-score": 0.999998000505872,
          "support": 1000255
        },
        "14": {
          "precision": 0.9999619827781985,
          "recall": 0.9991642883205294,
          "f1-score": 0.9995629764007256,
          "support": 1000345
        },
        "accuracy": 0.99977975,
        "macro avg": {
          "precision": 0.99977998641519,
          "recall": 0.9997798248757905,
          "f1-score": 0.9997798255338607,
          "support": 4000000
        },
        "weighted avg": {
          "precision": 0.9997799114633344,
          "recall": 0.99977975,
          "f1-score": 0.9997797505925204,
          "support": 4000000
        }
      },
      "accuracy": 0.99977975,
      "precision_score_micro": 0.99977975,
      "recall_score_micro": 0.99977975,
      "f1_score_micro": 0.99977975,
      "balanced_accuracy": 0.9997798248757905,
      "adv_stats": {
        "Runtime (sec)": 50.37916946411133,
        "Runtime (min)": "0.84",
        "CPU": 99.9,
        "Process Memory": 16.368726638675472
      }
    },
    "SVC_linear": {
      "classification_report": {
        "0": {
          "precision": 0.5874758740822639,
          "recall": 0.833411973105198,
          "f1-score": 0.689159849371285,
          "support": 1000342
        },
        "10": {
          "precision": 0.9892984719783042,
          "recall": 0.9946239357474741,
          "f1-score": 0.9919540562637073,
          "support": 999058
        },
        "12": {
          "precision": 0.780186603115283,
          "recall": 0.8548790058535074,
          "f1-score": 0.8158267704891208,
          "support": 1000255
        },
        "14": {
          "precision": 0.37460322085793796,
          "recall": 0.17990893141866057,
          "f1-score": 0.24307660307838594,
          "support": 1000345
        },
        "accuracy": 0.715613,
        "macro avg": {
          "precision": 0.6828910425084473,
          "recall": 0.71570596153121,
          "f1-score": 0.6850043198006247,
          "support": 4000000
        },
        "weighted avg": {
          "precision": 0.682790338329278,
          "recall": 0.715613,
          "f1-score": 0.6849026121011301,
          "support": 4000000
        }
      },
      "accuracy": 0.715613,
      "precision_score_micro": 0.715613,
      "recall_score_micro": 0.715613,
      "f1_score_micro": 0.7156130000000002,
      "balanced_accuracy": 0.71570596153121,
      "adv_stats": {
        "Runtime (sec)": 0.7264049053192139,
        "Runtime (min)": "0.01",
        "CPU": 216.8,
        "Process Memory": 4.940899706113162
      }
    }
  }
}