{"model_stats": {"DecisionTree": {"classification_report": {"0": {"precision": 0.9999979999039954, "recall": 0.9999919996639859, "f1-score": 0.9999949997749898, "support": 999958}, "10": {"precision": 1.0, "recall": 1.0, "f1-score": 1.0, "support": 1000412}, "12": {"precision": 1.0, "recall": 1.0, "f1-score": 1.0, "support": 1000269}, "14": {"precision": 0.9999919949327924, "recall": 0.9999979987211829, "f1-score": 0.9999949968179763, "support": 999361}, "accuracy": 0.9999975, "macro avg": {"precision": 0.9999974987091971, "recall": 0.9999974995962921, "f1-score": 0.9999974991482415, "support": 4000000}, "weighted avg": {"precision": 0.9999975000090076, "recall": 0.9999975, "f1-score": 0.9999975000000022, "support": 4000000}}, "accuracy": 0.9999975, "precision_score_micro": 0.9999975, "recall_score_micro": 0.9999975, "f1_score_micro": 0.9999975, "balanced_accuracy": 0.9999974995962921, "adv_stats": {"Runtime (sec)": 0.9851603507995605, "Runtime (min)": "0.02", "CPU": 99.9, "Process Memory": 13.32122745157262}}, "GaussianNB": {"classification_report": {"0": {"precision": 0.64, "recall": 0.01940881517023715, "f1-score": 0.03767508538916006, "support": 999958}, "10": {"precision": 0.9968825978351374, "recall": 0.29919073341783187, "f1-score": 0.46024870412143976, "support": 1000412}, "12": {"precision": 1.0, "recall": 0.9997470680386976, "f1-score": 0.9998735180236817, "support": 1000269}, "14": {"precision": 0.3710225746597842, "recall": 0.9910442772931903, "f1-score": 0.5399144672465158, "support": 999361}, "accuracy": 0.57728725, "macro avg": {"precision": 0.7519762931237304, "recall": 0.5773477234799892, "f1-score": 0.5094279436951993, "support": 4000000}, "weighted avg": {"precision": 0.7520802311750056, "recall": 0.57728725, "f1-score": 0.5094559438812717, "support": 4000000}}, "accuracy": 0.57728725, "precision_score_micro": 0.57728725, "recall_score_micro": 0.57728725, "f1_score_micro": 0.57728725, "balanced_accuracy": 0.5773477234799892, "adv_stats": {"Runtime (sec)": 3.6183512210845947, "Runtime (min)": "0.06", "CPU": 99.5, "Process Memory": 13.537851186319536}}, "LogisticRegression": {"classification_report": {"0": {"precision": 0.6434001934957987, "recall": 0.8446204740599105, "f1-score": 0.7304051459625502, "support": 999958}, "10": {"precision": 0.9967820553909807, "recall": 0.9979368500177926, "f1-score": 0.9973591184340725, "support": 1000412}, "12": {"precision": 0.7730018517635886, "recall": 0.8755554755770698, "f1-score": 0.8210888304801657, "support": 1000269}, "14": {"precision": 0.5017611462375512, "recall": 0.2775333438066925, "f1-score": 0.3573885109842887, "support": 999361}, "accuracy": 0.74902, "macro avg": {"precision": 0.7287363117219798, "recall": 0.7489115358653664, "f1-score": 0.7265604014652693, "support": 4000000}, "weighted avg": {"precision": 0.728804052603073, "recall": 0.74902, "f1-score": 0.7266535856096554, "support": 4000000}}, "accuracy": 0.74902, "precision_score_micro": 0.74902, "recall_score_micro": 0.74902, "f1_score_micro": 0.74902, "balanced_accuracy": 0.7489115358653664, "adv_stats": {"Runtime (sec)": 0.9031350612640381, "Runtime (min)": "0.02", "CPU": 232.8, "Process Memory": 17.289712397865593}}, "RandomForest": {"classification_report": {"0": {"precision": 0.9999959997279815, "recall": 0.9999699987399471, "f1-score": 0.9999829990649486, "support": 999958}, "10": {"precision": 1.0, "recall": 1.0, "f1-score": 1.0, "support": 1000412}, "12": {"precision": 1.0, "recall": 1.0, "f1-score": 1.0, "support": 1000269}, "14": {"precision": 0.99996998159872, "recall": 0.9999959974423657, "f1-score": 0.9999829893513339, "support": 999361}, "accuracy": 0.9999915, "macro avg": {"precision": 0.9999914953316753, "recall": 0.9999914990455782, "f1-score": 0.9999914971040706, "support": 4000000}, "weighted avg": {"precision": 0.9999915001691178, "recall": 0.9999915, "f1-score": 0.9999915000000316, "support": 4000000}}, "accuracy": 0.9999915, "precision_score_micro": 0.9999915, "recall_score_micro": 0.9999915, "f1_score_micro": 0.9999915, "balanced_accuracy": 0.9999914990455782, "adv_stats": {"Runtime (sec)": 34.45180606842041, "Runtime (min)": "0.57", "CPU": 100.0, "Process Memory": 12.073472187914074}}, "SVC_linear": {"classification_report": {"0": {"precision": 0.6025514931831937, "recall": 0.8473175873386682, "f1-score": 0.7042739021202228, "support": 999958}, "10": {"precision": 0.9909942388224691, "recall": 0.9946821909373338, "f1-score": 0.9928347901046969, "support": 1000412}, "12": {"precision": 0.7758329616031294, "recall": 0.9041607807499783, "f1-score": 0.8350956537637081, "support": 1000269}, "14": {"precision": 0.43784729756502544, "recall": 0.18576070108799522, "f1-score": 0.26085239811177724, "support": 999361}, "accuracy": 0.733105, "macro avg": {"precision": 0.7018064977934544, "recall": 0.7329803150284939, "f1-score": 0.6982641860251012, "support": 4000000}, "weighted avg": {"precision": 0.7018844720702565, "recall": 0.733105, "f1-score": 0.6983735421446271, "support": 4000000}}, "accuracy": 0.733105, "precision_score_micro": 0.733105, "recall_score_micro": 0.733105, "f1_score_micro": 0.733105, "balanced_accuracy": 0.7329803150284939, "adv_stats": {"Runtime (sec)": 0.8715975284576416, "Runtime (min)": "0.01", "CPU": 201.7, "Process Memory": 11.636397443954747}}}}