{"model_stats": {"DecisionTree": {"classification_report": {"0": {"precision": 0.9999860151735367, "recall": 0.9999830184758982, "f1-score": 0.9999845168224724, "support": 1001088}, "1": {"precision": 0.9978598180845372, "recall": 0.9989287627209427, "f1-score": 0.9983940042826553, "support": 1867}, "2": {"precision": 0.9990821477742083, "recall": 0.9993114528345192, "f1-score": 0.9991967871485943, "support": 4357}, "3": {"precision": 0.9090909090909091, "recall": 0.9090909090909091, "f1-score": 0.9090909090909091, "support": 11}, "4": {"precision": 1.0, "recall": 0.9992578298946119, "f1-score": 0.9996287771920708, "support": 6737}, "5": {"precision": 1.0, "recall": 0.9941860465116279, "f1-score": 0.9970845481049563, "support": 172}, "6": {"precision": 1.0, "recall": 0.6666666666666666, "f1-score": 0.8, "support": 3}, "7": {"precision": 0.0, "recall": 0.0, "f1-score": 0.0, "support": 2}, "8": {"precision": 1.0, "recall": 1.0, "f1-score": 1.0, "support": 174}, "9": {"precision": 0.75, "recall": 1.0, "f1-score": 0.8571428571428571, "support": 6}, "10": {"precision": 0.9999949963573481, "recall": 0.9999949963573481, "f1-score": 0.9999949963573481, "support": 999272}, "11": {"precision": 1.0, "recall": 0.6666666666666666, "f1-score": 0.8, "support": 3}, "12": {"precision": 1.0, "recall": 1.0, "f1-score": 1.0, "support": 1000913}, "13": {"precision": 1.0, "recall": 1.0, "f1-score": 1.0, "support": 1}, "14": {"precision": 0.9999849817227566, "recall": 0.9999919901959999, "f1-score": 0.9999884859470984, "support": 998776}, "15": {"precision": 0.5, "recall": 1.0, "f1-score": 0.6666666666666666, "support": 1}, "accuracy": 0.9999885383478228, "macro avg": {"precision": 0.884749929262706, "recall": 0.8896298962134495, "f1-score": 0.8766982842972268, "support": 4013383}, "weighted avg": {"precision": 0.9999882904924323, "recall": 0.9999885383478228, "f1-score": 0.9999883163811436, "support": 4013383}}, "accuracy": 0.9999885383478228, "precision_score_micro": 0.9999885383478228, "recall_score_micro": 0.9999885383478228, "f1_score_micro": 0.9999885383478228, "balanced_accuracy": 0.8896298962134495, "adv_stats": {"Runtime (sec)": 1.069141149520874, "Runtime (min)": "0.02", "CPU": 100.0, "Process Memory": 9.366743951032575}}, "GaussianNB": {"classification_report": {"0": {"precision": 0.6808136050344621, "recall": 0.01815524709116481, "f1-score": 0.03536735345169802, "support": 1001088}, "1": {"precision": 0.8222666000998502, "recall": 0.8821638993036958, "f1-score": 0.8511627906976744, "support": 1867}, "2": {"precision": 0.6993810786914235, "recall": 0.18154693596511362, "f1-score": 0.288265306122449, "support": 4357}, "3": {"precision": 0.3684210526315789, "recall": 0.6363636363636364, "f1-score": 0.4666666666666667, "support": 11}, "4": {"precision": 0.01071074658963925, "recall": 0.3016179308297462, "f1-score": 0.0206868818496027, "support": 6737}, "5": {"precision": 1.0, "recall": 0.9941860465116279, "f1-score": 0.9970845481049563, "support": 172}, "6": {"precision": 1.0, "recall": 1.0, "f1-score": 1.0, "support": 3}, "7": {"precision": 0.0, "recall": 0.0, "f1-score": 0.0, "support": 2}, "8": {"precision": 0.6718146718146718, "recall": 1.0, "f1-score": 0.8036951501154734, "support": 174}, "9": {"precision": 0.0, "recall": 0.0, "f1-score": 0.0, "support": 6}, "10": {"precision": 0.9923568959884451, "recall": 0.11550909061796988, "f1-score": 0.206931603659422, "support": 999272}, "11": {"precision": 0.14285714285714285, "recall": 0.6666666666666666, "f1-score": 0.23529411764705882, "support": 3}, "12": {"precision": 1.0, "recall": 0.9997602189201259, "f1-score": 0.999880095084598, "support": 1000913}, "13": {"precision": 1.0, "recall": 1.0, "f1-score": 1.0, "support": 1}, "14": {"precision": 0.36959111218054824, "recall": 0.9903792241703846, "f1-score": 0.5382990336741986, "support": 998776}, "15": {"precision": 1.0, "recall": 1.0, "f1-score": 1.0, "support": 1}, "accuracy": 0.5302930221212379, "macro avg": {"precision": 0.6098883066179852, "recall": 0.6116468060275082, "f1-score": 0.5277083466921124, "support": 4013383}, "weighted avg": {"precision": 0.7595072370172663, "recall": 0.5302930221212379, "f1-score": 0.4444944758471126, "support": 4013383}}, "accuracy": 0.5302930221212379, "precision_score_micro": 0.5302930221212379, "recall_score_micro": 0.5302930221212379, "f1_score_micro": 0.5302930221212379, "balanced_accuracy": 0.6116468060275082, "adv_stats": {"Runtime (sec)": 10.988394975662231, "Runtime (min)": "0.18", "CPU": 99.9, "Process Memory": 9.563944267867113}}, "SVC_linear": {"classification_report": {"0": {"precision": 0.5930889237662146, "recall": 0.8391340221838639, "f1-score": 0.694977127017751, "support": 1001088}, "1": {"precision": 0.7417491749174917, "recall": 0.9630423138725228, "f1-score": 0.8380330925192263, "support": 1867}, "2": {"precision": 0.966728280961183, "recall": 0.12003672251549231, "f1-score": 0.21355655369538587, "support": 4357}, "3": {"precision": 0.625, "recall": 0.45454545454545453, "f1-score": 0.5263157894736842, "support": 11}, "4": {"precision": 0.4613880742913001, "recall": 0.07006085794864182, "f1-score": 0.12164948453608246, "support": 6737}, "5": {"precision": 0.0, "recall": 0.0, "f1-score": 0.0, "support": 172}, "6": {"precision": 0.0, "recall": 0.0, "f1-score": 0.0, "support": 3}, "7": {"precision": 0.0, "recall": 0.0, "f1-score": 0.0, "support": 2}, "8": {"precision": 0.0, "recall": 0.0, "f1-score": 0.0, "support": 174}, "9": {"precision": 0.0, "recall": 0.0, "f1-score": 0.0, "support": 6}, "10": {"precision": 0.9673611327395042, "recall": 0.9946451016339896, "f1-score": 0.9808134095941834, "support": 999272}, "11": {"precision": 0.0, "recall": 0.0, "f1-score": 0.0, "support": 3}, "12": {"precision": 0.7962615313520153, "recall": 0.9657582627061493, "f1-score": 0.8728575646782725, "support": 1000913}, "13": {"precision": 0.0, "recall": 0.0, "f1-score": 0.0, "support": 1}, "14": {"precision": 0.4696711542454695, "recall": 0.16532135333648385, "f1-score": 0.2445593291758588, "support": 998776}, "15": {"precision": 0.0, "recall": 0.0, "f1-score": 0.0, "support": 1}, "accuracy": 0.7396565441175188, "macro avg": {"precision": 0.3513280170170736, "recall": 0.28578400554641237, "f1-score": 0.2807976469181528, "support": 4013383}, "weighted avg": {"precision": 0.7064334553964009, "recall": 0.7396565441175188, "f1-score": 0.6969351112253439, "support": 4013383}}, "accuracy": 0.7396565441175188, "precision_score_micro": 0.7396565441175188, "recall_score_micro": 0.7396565441175188, "f1_score_micro": 0.7396565441175188, "balanced_accuracy": 0.28578400554641237, "adv_stats": {"Runtime (sec)": 1.4521169662475586, "Runtime (min)": "0.02", "CPU": 408.6, "Process Memory": 9.897204191949935}}, "LogisticRegression": {"classification_report": {"0": {"precision": 0.6392831627869495, "recall": 0.8241353407492648, "f1-score": 0.7200344206740482, "support": 1001088}, "1": {"precision": 0.7546523016650343, "recall": 0.8253883235136583, "f1-score": 0.7884369403939625, "support": 1867}, "2": {"precision": 0.9009009009009009, "recall": 0.11475786091347258, "f1-score": 0.20358306188925082, "support": 4357}, "3": {"precision": 0.5454545454545454, "recall": 0.5454545454545454, "f1-score": 0.5454545454545454, "support": 11}, "4": {"precision": 0.715034965034965, "recall": 0.12141902924150215, "f1-score": 0.20758786955970054, "support": 6737}, "5": {"precision": 0.0, "recall": 0.0, "f1-score": 0.0, "support": 172}, "6": {"precision": 0.0, "recall": 0.0, "f1-score": 0.0, "support": 3}, "7": {"precision": 0.0, "recall": 0.0, "f1-score": 0.0, "support": 2}, "8": {"precision": 0.0, "recall": 0.0, "f1-score": 0.0, "support": 174}, "9": {"precision": 0.0, "recall": 0.0, "f1-score": 0.0, "support": 6}, "10": {"precision": 0.9903479212210223, "recall": 0.9946551089192932, "f1-score": 0.9924968420632186, "support": 999272}, "11": {"precision": 0.0, "recall": 0.0, "f1-score": 0.0, "support": 3}, "12": {"precision": 0.7826303261377181,