{"model_stats": {"DecisionTree": {"classification_report": {"0": {"precision": 0.9999979985048831, "recall": 0.9999979985048831, "f1-score": 0.9999979985048831, "support": 999253}, "10": {"precision": 1.0, "recall": 1.0, "f1-score": 1.0, "support": 1001567}, "12": {"precision": 1.0, "recall": 1.0, "f1-score": 1.0, "support": 998275}, "14": {"precision": 0.9999980018083634, "recall": 0.9999980018083634, "f1-score": 0.9999980018083634, "support": 1000905}, "accuracy": 0.999999, "macro avg": {"precision": 0.9999990000783117, "recall": 0.9999990000783117, "f1-score": 0.9999990000783117, "support": 4000000}, "weighted avg": {"precision": 0.999999, "recall": 0.999999, "f1-score": 0.999999, "support": 4000000}}, "accuracy": 0.999999, "precision_score_micro": 0.999999, "recall_score_micro": 0.999999, "f1_score_micro": 0.999999, "balanced_accuracy": 0.9999990000783117, "adv_stats": {"Runtime (sec)": 0.9544146060943604, "Runtime (min)": "0.02", "CPU": 100.1, "Process Memory": 9.469681687177403}}, "GaussianNB": {"classification_report": {"0": {"precision": 0.6456976401662684, "recall": 0.019742747832630976, "f1-score": 0.03831401254216814, "support": 999253}, "10": {"precision": 0.9966660683539087, "recall": 0.299373881128272, "f1-score": 0.4604422713839619, "support": 1001567}, "12": {"precision": 1.0, "recall": 0.9997535749167313, "f1-score": 0.9998767722751646, "support": 998275}, "14": {"precision": 0.3714623683615345, "recall": 0.9911200363670878, "f1-score": 0.540391237640873, "support": 1000905}, "accuracy": 0.57740425, "macro avg": {"precision": 0.7534565192204279, "recall": 0.5774975600611805, "f1-score": 0.509756073460542, "support": 4000000}, "weighted avg": {"precision": 0.7533791724792464, "recall": 0.57740425, "f1-score": 0.5096203632379869, "support": 4000000}}, "accuracy": 0.57740425, "precision_score_micro": 0.57740425, "recall_score_micro": 0.57740425, "f1_score_micro": 0.57740425, "balanced_accuracy": 0.5774975600611805, "adv_stats": {"Runtime (sec)": 3.4447877407073975, "Runtime (min)": "0.06", "CPU": 100.0, "Process Memory": 9.648224040992663}}, "LogisticRegression": {"classification_report": {"0": {"precision": 0.6755495247423189, "recall": 0.9187222855473038, "f1-score": 0.7785904503434823, "support": 999253}, "10": {"precision": 0.9984189170979543, "recall": 0.9986960433001487, "f1-score": 0.9985574609715825, "support": 1001567}, "12": {"precision": 0.7590692643406035, "recall": 0.8491888507675741, "f1-score": 0.8016041084238859, "support": 998275}, "14": {"precision": 0.5614340350756297, "recall": 0.2930358025986482, "f1-score": 0.38508152264890017, "support": 1000905}, "accuracy": 0.7648305, "macro avg": {"precision": 0.7486179353141266, "recall": 0.7649107455534186, "f1-score": 0.7409583855969627, "support": 4000000}, "weighted avg": {"precision": 0.748682582881343, "recall": 0.7648305, "f1-score": 0.7409456016384381, "support": 4000000}}, "accuracy": 0.7648305, "precision_score_micro": 0.7648305, "recall_score_micro": 0.7648305, "f1_score_micro": 0.7648305, "balanced_accuracy": 0.7649107455534186, "adv_stats": {"Runtime (sec)": 0.9005911350250244, "Runtime (min)": "0.02", "CPU": 210.4, "Process Memory": 11.501310602299778}}, "RandomForest": {"classification_report": {"0": {"precision": 0.9999979984668256, "recall": 0.9999789843012731, "f1-score": 0.9999884912936636, "support": 999253}, "10": {"precision": 0.9999990015655452, "recall": 1.0, "f1-score": 0.9999995007825233, "support": 1001567}, "12": {"precision": 1.0, "recall": 1.0, "f1-score": 1.0, "support": 998275}, "14": {"precision": 0.9999800184429771, "recall": 0.9999980018083634, "f1-score": 0.9999890100448189, "support": 1000905}, "accuracy": 0.99999425, "macro avg": {"precision": 0.9999942546188371, "recall": 0.9999942465274091, "f1-score": 0.9999942505302515, "support": 4000000}, "weighted avg": {"precision": 0.9999942500806593, "recall": 0.99999425, "f1-score": 0.9999942499974566, "support": 4000000}}, "accuracy": 0.99999425, "precision_score_micro": 0.99999425, "recall_score_micro": 0.99999425, "f1_score_micro": 0.99999425, "balanced_accuracy": 0.9999942465274091, "adv_stats": {"Runtime (sec)": 33.19174146652222, "Runtime (min)": "0.55", "CPU": 100.0, "Process Memory": 9.166752913233616}}, "SVC_linear": {"classification_report": {"0": {"precision": 0.6026027442054216, "recall": 0.8483427120058684, "f1-score": 0.704662803267998, "support": 999253}, "10": {"precision": 0.9908117726276758, "recall": 0.9946204297865245, "f1-score": 0.9927124481311261, "support": 1001567}, "12": {"precision": 0.7742009402822907, "recall": 0.9036437855300393, "f1-score": 0.8339292160648444, "support": 998275}, "14": {"precision": 0.4385799292567224, "recall": 0.1852003936437524, "f1-score": 0.26042878417488546, "support": 1000905}, "accuracy": 0.73283525, "macro avg": {"precision": 0.7015488465930276, "recall": 0.7329518302415462, "f1-score": 0.6979333129097135, "support": 4000000}, "weighted avg": {"precision": 0.7015898155959717, "recall": 0.73283525, "f1-score": 0.6978899022707501, "support": 4000000}}, "accuracy": 0.73283525, "precision_score_micro": 0.73283525, "recall_score_micro": 0.73283525, "f1_score_micro": 0.73283525, "balanced_accuracy": 0.7329518302415462, "adv_stats": {"Runtime (sec)": 0.9085707664489746, "Runtime (min)": "0.02", "CPU": 227.6, "Process Memory": 9.148461730683945}}}}