{"model_stats": {"DecisionTree": {"classification_report": {"0": {"precision": 0.999199230621581, "recall": 0.9992661621781587, "f1-score": 0.9992326952790515, "support": 1000221}, "1": {"precision": 0.9957716701902748, "recall": 0.9978813559322034, "f1-score": 0.996825396825397, "support": 1888}, "2": {"precision": 0.9982162764771461, "recall": 0.9997766860205449, "f1-score": 0.9989958719178847, "support": 4478}, "3": {"precision": 1.0, "recall": 0.7777777777777778, "f1-score": 0.8750000000000001, "support": 9}, "4": {"precision": 1.0, "recall": 1.0, "f1-score": 1.0, "support": 6784}, "5": {"precision": 0.994475138121547, "recall": 1.0, "f1-score": 0.9972299168975068, "support": 180}, "6": {"precision": 0.6, "recall": 1.0, "f1-score": 0.7499999999999999, "support": 3}, "7": {"precision": 0.3333333333333333, "recall": 1.0, "f1-score": 0.5, "support": 1}, "8": {"precision": 1.0, "recall": 1.0, "f1-score": 1.0, "support": 190}, "9": {"precision": 1.0, "recall": 0.8, "f1-score": 0.888888888888889, "support": 5}, "10": {"precision": 0.9999960008318269, "recall": 0.9999910019165917, "f1-score": 0.999993501367962, "support": 1000213}, "11": {"precision": 0.8, "recall": 1.0, "f1-score": 0.888888888888889, "support": 4}, "12": {"precision": 1.0, "recall": 1.0, "f1-score": 1.0, "support": 999674}, "13": {"precision": 1.0, "recall": 1.0, "f1-score": 1.0, "support": 1}, "14": {"precision": 0.9992767504789152, "recall": 0.999200785011168, "f1-score": 0.9992387663012545, "support": 999731}, "15": {"precision": 1.0, "recall": 1.0, "f1-score": 1.0, "support": 2}, "accuracy": 0.9996137922511277, "macro avg": {"precision": 0.9200167750034141, "recall": 0.9733683605522778, "f1-score": 0.9308933703979272, "support": 4013384}, "weighted avg": {"precision": 0.9996143820083421, "recall": 0.9996137922511277, "f1-score": 0.9996139499759498, "support": 4013384}}, "accuracy": 0.9996137922511277, "precision_score_micro": 0.9996137922511277, "recall_score_micro": 0.9996137922511277, "f1_score_micro": 0.9996137922511277, "balanced_accuracy": 0.9733683605522778, "adv_stats": {"Runtime (sec)": 1.0095527172088623, "Runtime (min)": "0.02", "CPU": 100.0, "Process Memory": 11.813488622868507}}, "GaussianNB": {"classification_report": {"0": {"precision": 0.6742839376627414, "recall": 0.017346166497204118, "f1-score": 0.033822245095287105, "support": 1000221}, "1": {"precision": 0.809138505473584, "recall": 0.9004237288135594, "f1-score": 0.8523439458510904, "support": 1888}, "2": {"precision": 0.6911090742438131, "recall": 0.16837874050915588, "f1-score": 0.2707847010235231, "support": 4478}, "3": {"precision": 0.0, "recall": 0.0, "f1-score": 0.0, "support": 9}, "4": {"precision": 0.012637335566832537, "recall": 0.15123820754716982, "f1-score": 0.02332560360114582, "support": 6784}, "5": {"precision": 0.994475138121547, "recall": 1.0, "f1-score": 0.9972299168975068, "support": 180}, "6": {"precision": 1.0, "recall": 1.0, "f1-score": 1.0, "support": 3}, "7": {"precision": 1.0, "recall": 1.0, "f1-score": 1.0, "support": 1}, "8": {"precision": 0.6810035842293907, "recall": 1.0, "f1-score": 0.8102345415778252, "support": 190}, "9": {"precision": 1.0, "recall": 0.4, "f1-score": 0.5714285714285715, "support": 5}, "10": {"precision": 0.9910182311177709, "recall": 0.22217067764566148, "f1-score": 0.36296934529521535, "support": 1000213}, "11": {"precision": 0.3333333333333333, "recall": 0.75, "f1-score": 0.46153846153846156, "support": 4}, "12": {"precision": 1.0, "recall": 0.9997689246694422, "f1-score": 0.9998844489842265, "support": 999674}, "13": {"precision": 1.0, "recall": 1.0, "f1-score": 1.0, "support": 1}, "14": {"precision": 0.3698132067640323, "recall": 0.991037589111471, "f1-score": 0.5386318470236431, "support": 999731}, "15": {"precision": 1.0, "recall": 1.0, "f1-score": 1.0, "support": 2}, "accuracy": 0.5565487877561679, "macro avg": {"precision": 0.7223007716570653, "recall": 0.662522752174604, "f1-score": 0.620137101769781, "support": 4013384}, "weighted avg": {"precision": 0.7574854289003641, "recall": 0.5565487877561679, "f1-score": 0.4829458154734989, "support": 4013384}}, "accuracy": 0.5565487877561679, "precision_score_micro": 0.5565487877561679, "recall_score_micro": 0.5565487877561679, "f1_score_micro": 0.5565487877561679, "balanced_accuracy": 0.662522752174604, "adv_stats": {"Runtime (sec)": 8.911458969116211, "Runtime (min)": "0.15", "CPU": 100.0, "Process Memory": 5.682434133802472}}, "LogisticRegression": {"classification_report": {"0": {"precision": 0.6257923184917008, "recall": 0.8231110924485688, "f1-score": 0.7110157861873667, "support": 1000221}, "1": {"precision": 0.8613750698714365, "recall": 0.816207627118644, "f1-score": 0.838183301604569, "support": 1888}, "2": {"precision": 0.9437386569872959, "recall": 0.11612326931665923, "f1-score": 0.20680055677072978, "support": 4478}, "3": {"precision": 0.0, "recall": 0.0, "f1-score": 0.0, "support": 9}, "4": {"precision": 0.7772108843537415, "recall": 0.2020931603773585, "f1-score": 0.3207767898923725, "support": 6784}, "5": {"precision": 0.0, "recall": 0.0, "f1-score": 0.0, "support": 180}, "6": {"precision": 0.0, "recall": 0.0, "f1-score": 0.0, "support": 3}, "7": {"precision": 0.0, "recall": 0.0, "f1-score": 0.0, "support": 1}, "8": {"precision": 0.0, "recall": 0.0, "f1-score": 0.0, "support": 190}, "9": {"precision": 0.0, "recall": 0.0, "f1-score": 0.0, "support": 5}, "10": {"precision": 0.9896450131567017, "recall": 0.993066476840433, "f1-score": 0.9913527928762343, "support": 1000213}, "11": {"precision": 0.2727272727272727, "recall": 0.75, "f1-score": 0.39999999999999997, "support": 4}, "12": {"precision": 0.7910840478981171, "recall": 0.9236100968915867, "f1-score": 0.8522257060814521, "support": 999674}, "13": {"precision": 0.0, "recall": 0.0, "f1-score": 0.0, "support": 1}, "14": {"precision": 0.5270319639943613, "recall": 0.27561013912742527, "f1-score": 0.36194301882777313, "support": 999731}, "15": {"precision": 0.0, "recall": 0.0, "f1-score": 0.0, "support": 2}, "accuracy": 0.7521959025102009, "macro avg": {"precision": 0.3617878267175393, "recall": 0.3062388663825422, "f1-score": 0.29264362201503114, "support": 4013384}, "weighted avg": {"precision": 0.7337022324351703, "recall": 0.7521959025102009, "f1-score": 0.7278687265069795, "support": 4013384}}, "accuracy": 0.7521959025102009, "precision_score_micro": 0.7521959025102009, "recall_score_micro": 0.7521959025102009, "f1_score_micro": 0.7521959025102009, "balanced_accuracy": 0.3062388663825422, "adv_stats": {"Runtime (sec)": 1.2316546440124512, "Runtime (min)": "0.02", "CPU": 430.5, "Process Memory": 8.42359189389647}}, "RandomForest": {"classification_report": {"0": {"precision": 0.9991528369970469, "recall": 0.9999190178970447, "f1-score": 0.9995357806206148, "support": 1000221}, "1": {"precision": 0.99105733824303, "recall": 0.9978813559322034, "f1-score": 0.9944576405384007, "support": 1888}, "2": {"precision": 0.9993299084208175, "recall": 0.9991067440821796, "f1-score": 0.9992183137911782, "support": 4478}, "3": {"precision": 1.0, "recall": 0.7777777777777778, "f1-score": 0.8750000000000001, "support": 9}, "4": {"precision": 1.0, "recall": 1.0, "f1-score": 1.0, "support": 6784}, "5": {"precision": 0.989010989010989, "recall": 1.0, "f1-score": 0.994475138121547, "support": 180}, "6": {"precision": 1.0, "recall": 1.0, "f1-score": 1.0, "support": 3}, "7": {"precision": 1.0, "recall": 1.0, "f1-score": 1.0, "support": 1}, "8": {"precision": 1.0, "recall": 1.0, "f1-score": 1.0, "support": 190}, "9": {"precision": 1.0, "recall": 0.8, "f1-score": 0.888888888888889, "support": 5}, "10": {"precision": 0.9999970006388639, "recall": 0.9999970006388639, "f1-score": 0.9999970006388639, "support": 1000213}, "11": {"precision": 0.6666666666666666, "recall": 1.0, "f1-score": 0.8, "support": 4}, "12": {"precision": 1.0, "recall": 0.9999989996738937, "f1-score": 0.9999994998366968, "support": 999674}, "13": {"precision": 1.0, "recall": 1.0, "f1-score": 1.0,