{"model_stats": {"DecisionTree": {"classification_report": {"0": {"precision": 0.9999910019255879, "recall": 0.9999840035352188, "f1-score": 0.999987502718159, "support": 1000221}, "1": {"precision": 0.9989395546129375, "recall": 0.9978813559322034, "f1-score": 0.9984101748807631, "support": 1888}, "2": {"precision": 0.9991071428571429, "recall": 0.9995533720410897, "f1-score": 0.9993302076356329, "support": 4478}, "3": {"precision": 1.0, "recall": 0.7777777777777778, "f1-score": 0.8750000000000001, "support": 9}, "4": {"precision": 1.0, "recall": 1.0, "f1-score": 1.0, "support": 6784}, "5": {"precision": 0.994475138121547, "recall": 1.0, "f1-score": 0.9972299168975068, "support": 180}, "6": {"precision": 1.0, "recall": 1.0, "f1-score": 1.0, "support": 3}, "7": {"precision": 1.0, "recall": 1.0, "f1-score": 1.0, "support": 1}, "8": {"precision": 1.0, "recall": 1.0, "f1-score": 1.0, "support": 190}, "9": {"precision": 0.8, "recall": 0.8, "f1-score": 0.8000000000000002, "support": 5}, "10": {"precision": 0.9999970006298677, "recall": 0.9999940012777279, "f1-score": 0.9999955009515488, "support": 1000213}, "11": {"precision": 0.5714285714285714, "recall": 1.0, "f1-score": 0.7272727272727273, "support": 4}, "12": {"precision": 1.0, "recall": 0.9999989996738937, "f1-score": 0.9999994998366968, "support": 999674}, "13": {"precision": 1.0, "recall": 1.0, "f1-score": 1.0, "support": 1}, "14": {"precision": 0.9999879968671823, "recall": 0.9999959989237105, "f1-score": 0.9999919978794382, "support": 999731}, "15": {"precision": 0.6666666666666666, "recall": 1.0, "f1-score": 0.8, "support": 2}, "accuracy": 0.9999910300135746, "macro avg": {"precision": 0.9394120670693439, "recall": 0.9734490943226013, "f1-score": 0.9498260955045296, "support": 4013384}, "weighted avg": {"precision": 0.9999914347247472, "recall": 0.9999910300135746, "f1-score": 0.9999911258272788, "support": 4013384}}, "accuracy": 0.9999910300135746, "precision_score_micro": 0.9999910300135746, "recall_score_micro": 0.9999910300135746, "f1_score_micro": 0.9999910300135746, "balanced_accuracy": 0.9734490943226013, "adv_stats": {"Runtime (sec)": 1.0581681728363037, "Runtime (min)": "0.02", "CPU": 100.0, "Process Memory": 7.2927439181818015}}, "GaussianNB": {"classification_report": {"0": {"precision": 0.6804472178887155, "recall": 0.01831495239552059, "f1-score": 0.035669814232292874, "support": 1000221}, "1": {"precision": 0.8207639569049952, "recall": 0.8877118644067796, "f1-score": 0.8529262086513995, "support": 1888}, "2": {"precision": 0.6588946459412781, "recall": 0.1703885663242519, "f1-score": 0.2707594038325053, "support": 4478}, "3": {"precision": 0.23076923076923078, "recall": 0.3333333333333333, "f1-score": 0.27272727272727276, "support": 9}, "4": {"precision": 0.0164183642444512, "recall": 0.15123820754716982, "f1-score": 0.029621075424034644, "support": 6784}, "5": {"precision": 0.994475138121547, "recall": 1.0, "f1-score": 0.9972299168975068, "support": 180}, "6": {"precision": 1.0, "recall": 1.0, "f1-score": 1.0, "support": 3}, "7": {"precision": 1.0, "recall": 1.0, "f1-score": 1.0, "support": 1}, "8": {"precision": 0.6551724137931034, "recall": 1.0, "f1-score": 0.7916666666666666, "support": 190}, "9": {"precision": 1.0, "recall": 0.4, "f1-score": 0.5714285714285715, "support": 5}, "10": {"precision": 0.995642944922355, "recall": 0.24057275800254546, "f1-score": 0.3875125816296129, "support": 1000213}, "11": {"precision": 0.3076923076923077, "recall": 1.0, "f1-score": 0.47058823529411764, "support": 4}, "12": {"precision": 1.0, "recall": 0.9997689246694422, "f1-score": 0.9998844489842265, "support": 999674}, "13": {"precision": 1.0, "recall": 1.0, "f1-score": 1.0, "support": 1}, "14": {"precision": 0.36982320852361483, "recall": 0.9910765996052938, "f1-score": 0.538648217553405, "support": 999731}, "15": {"precision": 1.0, "recall": 1.0, "f1-score": 1.0, "support": 2}, "accuracy": 0.5613833612731799, "macro avg": {"precision": 0.7331312143000999, "recall": 0.6995253253927711, "f1-score": 0.6386664008326007, "support": 4013384}, "weighted avg": {"precision": 0.7601516950304283, "recall": 0.5613833612731799, "f1-score": 0.48953762552210617, "support": 4013384}}, "accuracy": 0.5613833612731799, "precision_score_micro": 0.5613833612731799, "recall_score_micro": 0.5613833612731799, "f1_score_micro": 0.5613833612731799, "balanced_accuracy": 0.6995253253927711, "adv_stats": {"Runtime (sec)": 11.61684775352478, "Runtime (min)": "0.19", "CPU": 100.0, "Process Memory": 6.162198935028986}}, "LogisticRegression": {"classification_report": {"0": {"precision": 0.6374518174977348, "recall": 0.8299955709788137, "f1-score": 0.7210918624957167, "support": 1000221}, "1": {"precision": 0.715472027972028, "recall": 0.8670550847457628, "f1-score": 0.7840038314176245, "support": 1888}, "2": {"precision": 0.9305816135084428, "recall": 0.11076373380973649, "f1-score": 0.19796447814807425, "support": 4478}, "3": {"precision": 0.42857142857142855, "recall": 0.6666666666666666, "f1-score": 0.5217391304347826, "support": 9}, "4": {"precision": 0.7806691449814126, "recall": 0.12382075471698113, "f1-score": 0.21374045801526717, "support": 6784}, "5": {"precision": 0.0, "recall": 0.0, "f1-score": 0.0, "support": 180}, "6": {"precision": 0.0, "recall": 0.0, "f1-score": 0.0, "support": 3}, "7": {"precision": 0.0, "recall": 0.0, "f1-score": 0.0, "support": 1}, "8": {"precision": 0.0, "recall": 0.0, "f1-score": 0.0, "support": 190}, "9": {"precision": 0.0, "recall": 0.0, "f1-score": 0.0, "support": 5}, "10": {"precision": 0.9904367528401787, "recall": 0.9938243154208154, "f1-score": 0.9921276424796903, "support": 1000213}, "11": {"precision": 0.0, "recall": 0.0, "f1-score": 0.0, "support": 4}, "12": {"precision": 0.787078063182707, "recall": 0.919215664306564, "f1-score": 0.8480304100680285, "support": 999674}, "13": {"precision": 0.0, "recall": 0.0, "f1-score": 0.0, "support": 1}, "14": {"precision": 0.5394327122384974, "recall": 0.28920779689736537, "f1-score": 0.3765399942697887, "support": 999731}, "15": {"precision": 0.0, "recall": 0.0, "f1-score": 0.0, "support": 2}, "accuracy": 0.7562794888303735, "macro avg": {"precision": 0.36310584754952685, "recall": 0.3000343492214191, "f1-score": 0.2909523629580608, "support": 4013384}, "weighted avg": {"precision": 0.7388197498837549, "recall": 0.7562794888303735, "f1-score": 0.7329486143655219, "support": 4013384}}, "accuracy": 0.7562794888303735, "precision_score_micro": 0.7562794888303735, "recall_score_micro": 0.7562794888303735, "f1_score_micro": 0.7562794888303735, "balanced_accuracy": 0.3000343492214191, "adv_stats": {"Runtime (sec)": 1.3982889652252197, "Runtime (min)": "0.02", "CPU": 407.8, "Process Memory": 9.643870516288162}}, "RandomForest": {"classification_report": {"0": {"precision": 0.9999910016287052, "recall": 0.9999510108266073, "f1-score": 0.9999710058278286, "support": 1000221}, "1": {"precision": 0.9947201689545935, "recall": 0.9978813559322034, "f1-score": 0.9962982548915919, "support": 1888}, "2": {"precision": 0.999553272280545, "recall": 0.9993300580616347, "f1-score": 0.9994416527079844, "support": 4478}, "3": {"precision": 1.0, "recall": 0.7777777777777778, "f1-score": 0.8750000000000001, "support": 9}, "4": {"precision": 1.0, "recall": 1.0, "f1-score": 1.0, "support": 6784}, "5": {"precision": 0.989010989010989, "recall": 1.0, "f1-score": 0.994475138121547, "support": 180}, "6": {"precision": 0.75, "recall": 1.0, "f1-score": 0.8571428571428571, "support": 3}, "7": {"precision": 1.0, "recall": 1.0, "f1-score": 1.0, "support": 1}, "8": {"precision": 1.0, "recall": 1.0, "f1-score": 1.0, "support": 190}, "9": {"precision": 1.0, "recall": 0.8, "f1-score": 0.888888888888889, "support": 5}, "10": {"precision": 0.9999980004239102, "recall": 0.9999970006388639, "f1-score": 0.9999975005311371, "support": 1000213}, "11": {"precision": 0.5, "recall": 0.75, "f1-score": 0.6, "support": 4}, "12": {"precision": 1.0, "recall": 0.9999989996738937,