{"model_stats": {"DecisionTree": {"classification_report": {"0": {"precision": 0.9999950010897625, "recall": 0.9999920017676094, "f1-score": 0.999993501426437, "support": 1000221}, "1": {"precision": 0.9984101748807631, "recall": 0.9978813559322034, "f1-score": 0.9981456953642385, "support": 1888}, "2": {"precision": 0.9995533720410897, "recall": 0.9995533720410897, "f1-score": 0.9995533720410897, "support": 4478}, "3": {"precision": 1.0, "recall": 1.0, "f1-score": 1.0, "support": 9}, "4": {"precision": 1.0, "recall": 1.0, "f1-score": 1.0, "support": 6784}, "5": {"precision": 0.989010989010989, "recall": 1.0, "f1-score": 0.994475138121547, "support": 180}, "6": {"precision": 1.0, "recall": 1.0, "f1-score": 1.0, "support": 3}, "7": {"precision": 1.0, "recall": 1.0, "f1-score": 1.0, "support": 1}, "8": {"precision": 0.9947643979057592, "recall": 1.0, "f1-score": 0.9973753280839895, "support": 190}, "9": {"precision": 1.0, "recall": 0.8, "f1-score": 0.888888888888889, "support": 5}, "10": {"precision": 1.0, "recall": 0.9999990002129546, "f1-score": 0.9999995001062274, "support": 1000213}, "11": {"precision": 1.0, "recall": 1.0, "f1-score": 1.0, "support": 4}, "12": {"precision": 1.0, "recall": 1.0, "f1-score": 1.0, "support": 999674}, "13": {"precision": 1.0, "recall": 1.0, "f1-score": 1.0, "support": 1}, "14": {"precision": 0.9999959989317148, "recall": 0.9999979994618552, "f1-score": 0.9999969991957844, "support": 999731}, "15": {"precision": 0.6666666666666666, "recall": 1.0, "f1-score": 0.8, "support": 2}, "accuracy": 0.9999955150067873, "macro avg": {"precision": 0.9780247875329215, "recall": 0.987338983088482, "f1-score": 0.9799017764517627, "support": 4013384}, "weighted avg": {"precision": 0.9999956044450612, "recall": 0.9999955150067873, "f1-score": 0.9999955275516853, "support": 4013384}}, "accuracy": 0.9999955150067873, "precision_score_micro": 0.9999955150067873, "recall_score_micro": 0.9999955150067873, "f1_score_micro": 0.9999955150067873, "balanced_accuracy": 0.987338983088482, "adv_stats": {"Runtime (sec)": 1.14393949508667, "Runtime (min)": "0.02", "CPU": 100.0, "Process Memory": 12.129063349525362}}, "GaussianNB": {"classification_report": {"0": {"precision": 0.6936486389940701, "recall": 0.01941370957018499, "f1-score": 0.03777031068404955, "support": 1000221}, "1": {"precision": 0.8208149239077074, "recall": 0.885593220338983, "f1-score": 0.8519745222929936, "support": 1888}, "2": {"precision": 0.6594641313742438, "recall": 0.1703885663242519, "f1-score": 0.27080745341614904, "support": 4478}, "3": {"precision": 0.23076923076923078, "recall": 0.3333333333333333, "f1-score": 0.27272727272727276, "support": 9}, "4": {"precision": 0.015723655979893336, "recall": 0.15123820754716982, "f1-score": 0.02848575712143928, "support": 6784}, "5": {"precision": 0.994475138121547, "recall": 1.0, "f1-score": 0.9972299168975068, "support": 180}, "6": {"precision": 1.0, "recall": 1.0, "f1-score": 1.0, "support": 3}, "7": {"precision": 1.0, "recall": 1.0, "f1-score": 1.0, "support": 1}, "8": {"precision": 0.9693877551020408, "recall": 1.0, "f1-score": 0.9844559585492229, "support": 190}, "9": {"precision": 1.0, "recall": 0.4, "f1-score": 0.5714285714285715, "support": 5}, "10": {"precision": 0.9989699260448944, "recall": 0.23755140155146953, "f1-score": 0.383829539763824, "support": 1000213}, "11": {"precision": 0.2, "recall": 0.75, "f1-score": 0.31578947368421056, "support": 4}, "12": {"precision": 1.0, "recall": 0.9997689246694422, "f1-score": 0.9998844489842265, "support": 999674}, "13": {"precision": 1.0, "recall": 1.0, "f1-score": 1.0, "support": 1}, "14": {"precision": 0.3698186799241576, "recall": 0.9910996057939586, "f1-score": 0.5386468118395062, "support": 999731}, "15": {"precision": 1.0, "recall": 1.0, "f1-score": 1.0, "support": 2}, "accuracy": 0.5609086994915015, "macro avg": {"precision": 0.7470670050136116, "recall": 0.6836491855705495, "f1-score": 0.6408143773368108, "support": 4013384}, "weighted avg": {"precision": 0.7642840443480852, "recall": 0.5609086994915015, "f1-score": 0.4891495380939511, "support": 4013384}}, "accuracy": 0.5609086994915015, "precision_score_micro": 0.5609086994915015, "recall_score_micro": 0.5609086994915015, "f1_score_micro": 0.5609086994915015, "balanced_accuracy": 0.6836491855705495, "adv_stats": {"Runtime (sec)": 12.240253210067749, "Runtime (min)": "0.20", "CPU": 99.7, "Process Memory": 6.313998208516611}}, "LogisticRegression": {"classification_report": {"0": {"precision": 0.6373119041504086, "recall": 0.8236659698206696, "f1-score": 0.7186038022375902, "support": 1000221}, "1": {"precision": 0.8346795907377491, "recall": 0.8209745762711864, "f1-score": 0.8277703604806409, "support": 1888}, "2": {"precision": 0.5663824604141291, "recall": 0.10384100044662796, "f1-score": 0.1755048122287224, "support": 4478}, "3": {"precision": 0.6666666666666666, "recall": 0.4444444444444444, "f1-score": 0.5333333333333333, "support": 9}, "4": {"precision": 0.6994171523730225, "recall": 0.12382075471698113, "f1-score": 0.21039448966812774, "support": 6784}, "5": {"precision": 0.0, "recall": 0.0, "f1-score": 0.0, "support": 180}, "6": {"precision": 0.0, "recall": 0.0, "f1-score": 0.0, "support": 3}, "7": {"precision": 0.0, "recall": 0.0, "f1-score": 0.0, "support": 1}, "8": {"precision": 0.0, "recall": 0.0, "f1-score": 0.0, "support": 190}, "9": {"precision": 0.0, "recall": 0.0, "f1-score": 0.0, "support": 5}, "10": {"precision": 0.9909301366506155, "recall": 0.9945571593250637, "f1-score": 0.9927403351251717, "support": 1000213}, "11": {"precision": 0.3, "recall": 0.75, "f1-score": 0.4285714285714285, "support": 4}, "12": {"precision": 0.7777699229530056, "recall": 0.8804480260564944, "f1-score": 0.8259300218033792, "support": 999674}, "13": {"precision": 0.0, "recall": 0.0, "f1-score": 0.0, "support": 1}, "14": {"precision": 0.4973136084698321, "recall": 0.28914778075302255, "f1-score": 0.3656813371840753, "support": 999731}, "15": {"precision": 0.0, "recall": 0.0, "f1-score": 0.0, "support": 2}, "accuracy": 0.7451841139547075, "macro avg": {"precision": 0.3731544651509643, "recall": 0.3269312319896556, "f1-score": 0.31740812003952934, "support": 4013384}, "weighted avg": {"precision": 0.7256106910290593, "recall": 0.7451841139547075, "f1-score": 0.7242617979013354, "support": 4013384}}, "accuracy": 0.7451841139547075, "precision_score_micro": 0.7451841139547075, "recall_score_micro": 0.7451841139547075, "f1_score_micro": 0.7451841139547075, "balanced_accuracy": 0.3269312319896556, "adv_stats": {"Runtime (sec)": 1.5578324794769287, "Runtime (min)": "0.03", "CPU": 364.1, "Process Memory": 9.65401279362172}}, "RandomForest": {"classification_report": {"0": {"precision": 0.999992001543702, "recall": 0.9999640079542421, "f1-score": 0.9999780045530575, "support": 1000221}, "1": {"precision": 0.9968253968253968, "recall": 0.9978813559322034, "f1-score": 0.9973530968766544, "support": 1888}, "2": {"precision": 1.0, "recall": 0.9993300580616347, "f1-score": 0.9996649167876689, "support": 4478}, "3": {"precision": 1.0, "recall": 1.0, "f1-score": 1.0, "support": 9}, "4": {"precision": 1.0, "recall": 1.0, "f1-score": 1.0, "support": 6784}, "5": {"precision": 0.989010989010989, "recall": 1.0, "f1-score": 0.994475138121547, "support": 180}, "6": {"precision": 1.0, "recall": 1.0, "f1-score": 1.0, "support": 3}, "7": {"precision": 1.0, "recall": 1.0, "f1-score": 1.0, "support": 1}, "8": {"precision": 1.0, "recall": 1.0, "f1-score": 1.0, "support": 190}, "9": {"precision": 1.0, "recall": 0.8, "f1-score": 0.888888888888889, "support": 5}, "10": {"precision": 0.9999990002119551, "recall": 0.9999980004259093, "f1-score": 0.9999985003186822, "support": 1000213}, "11": {"precision": 0.8, "recall": 1.0, "f1-score": 0.888888888888889, "support": 4}, "12": {"precision": 1.0, "recall": 0.9999989996738937, "f1-score": 0.9999994998366968, "support": 999674}, "13": {"precision": 1.0, "recall": 1.0, "f1-score": 1.0, "support": 1},